[Tue Aug 04 19:03:16.547541 2026] [ssl:warn] [pid 15472:tid 376] AH01909: www.example.com:443:0 server certificate does NOT include an ID which matches the server name
[Tue Aug 04 19:03:16.611377 2026] [ssl:warn] [pid 15472:tid 376] AH01909: www.example.com:443:0 server certificate does NOT include an ID which matches the server name
[Tue Aug 04 19:03:16.929580 2026] [mpm_winnt:notice] [pid 15472:tid 376] AH00455: Apache/2.4.58 (Win64) OpenSSL/3.1.3 PHP/8.2.12 configured -- resuming normal operations
[Tue Aug 04 19:03:16.929580 2026] [mpm_winnt:notice] [pid 15472:tid 376] AH00456: Apache Lounge VS17 Server built: Oct 18 2023 13:03:18
[Tue Aug 04 19:03:16.929580 2026] [core:notice] [pid 15472:tid 376] AH00094: Command line: 'C:\\xampp\\apache\\bin\\httpd.exe -d C:/xampp/apache'
[Tue Aug 04 19:03:16.939572 2026] [mpm_winnt:notice] [pid 15472:tid 376] AH00418: Parent: Created child process 28504
[Tue Aug 04 19:03:17.541905 2026] [ssl:warn] [pid 28504:tid 372] AH01909: www.example.com:443:0 server certificate does NOT include an ID which matches the server name
[Tue Aug 04 19:03:17.602477 2026] [ssl:warn] [pid 28504:tid 372] AH01909: www.example.com:443:0 server certificate does NOT include an ID which matches the server name
[Tue Aug 04 19:03:17.663890 2026] [mpm_winnt:notice] [pid 28504:tid 372] AH00354: Child: Starting 150 worker threads.
[Tue Aug 04 19:50:12.089427 2026] [ssl:warn] [pid 21492:tid 364] AH01909: www.example.com:443:0 server certificate does NOT include an ID which matches the server name
[Tue Aug 04 19:50:12.148597 2026] [ssl:warn] [pid 21492:tid 364] AH01909: www.example.com:443:0 server certificate does NOT include an ID which matches the server name
[Tue Aug 04 19:50:12.206124 2026] [mpm_winnt:notice] [pid 21492:tid 364] AH00455: Apache/2.4.58 (Win64) OpenSSL/3.1.3 PHP/8.2.12 configured -- resuming normal operations
[Tue Aug 04 19:50:12.206124 2026] [mpm_winnt:notice] [pid 21492:tid 364] AH00456: Apache Lounge VS17 Server built: Oct 18 2023 13:03:18
[Tue Aug 04 19:50:12.206124 2026] [core:notice] [pid 21492:tid 364] AH00094: Command line: 'c:\\xampp\\apache\\bin\\httpd.exe -d C:/xampp/apache'
[Tue Aug 04 19:50:12.215291 2026] [mpm_winnt:notice] [pid 21492:tid 364] AH00418: Parent: Created child process 17980
[Tue Aug 04 19:50:12.650857 2026] [ssl:warn] [pid 17980:tid 392] AH01909: www.example.com:443:0 server certificate does NOT include an ID which matches the server name
[Tue Aug 04 19:50:12.700698 2026] [ssl:warn] [pid 17980:tid 392] AH01909: www.example.com:443:0 server certificate does NOT include an ID which matches the server name
[Tue Aug 04 19:50:12.760027 2026] [mpm_winnt:notice] [pid 17980:tid 392] AH00354: Child: Starting 150 worker threads.
[Mon Aug 10 22:13:40.323444 2026] [ssl:warn] [pid 26540:tid 348] AH01909: www.example.com:443:0 server certificate does NOT include an ID which matches the server name
[Mon Aug 10 22:13:40.392559 2026] [core:warn] [pid 26540:tid 348] AH00098: pid file C:/xampp/apache/logs/httpd.pid overwritten -- Unclean shutdown of previous Apache run?
[Mon Aug 10 22:13:40.397332 2026] [ssl:warn] [pid 26540:tid 348] AH01909: www.example.com:443:0 server certificate does NOT include an ID which matches the server name
[Mon Aug 10 22:13:40.463333 2026] [mpm_winnt:notice] [pid 26540:tid 348] AH00455: Apache/2.4.58 (Win64) OpenSSL/3.1.3 PHP/8.2.12 configured -- resuming normal operations
[Mon Aug 10 22:13:40.463333 2026] [mpm_winnt:notice] [pid 26540:tid 348] AH00456: Apache Lounge VS17 Server built: Oct 18 2023 13:03:18
[Mon Aug 10 22:13:40.463333 2026] [core:notice] [pid 26540:tid 348] AH00094: Command line: 'c:\\xampp\\apache\\bin\\httpd.exe -d C:/xampp/apache'
[Mon Aug 10 22:13:40.471800 2026] [mpm_winnt:notice] [pid 26540:tid 348] AH00418: Parent: Created child process 26880
[Mon Aug 10 22:13:40.904043 2026] [ssl:warn] [pid 26880:tid 360] AH01909: www.example.com:443:0 server certificate does NOT include an ID which matches the server name
[Mon Aug 10 22:13:40.962269 2026] [ssl:warn] [pid 26880:tid 360] AH01909: www.example.com:443:0 server certificate does NOT include an ID which matches the server name
[Mon Aug 10 22:13:41.012168 2026] [mpm_winnt:notice] [pid 26880:tid 360] AH00354: Child: Starting 150 worker threads.
[Tue Aug 11 09:41:37.697091 2026] [ssl:warn] [pid 6164:tid 372] AH01909: www.example.com:443:0 server certificate does NOT include an ID which matches the server name
[Tue Aug 11 09:41:37.760994 2026] [core:warn] [pid 6164:tid 372] AH00098: pid file C:/xampp/apache/logs/httpd.pid overwritten -- Unclean shutdown of previous Apache run?
[Tue Aug 11 09:41:37.763996 2026] [ssl:warn] [pid 6164:tid 372] AH01909: www.example.com:443:0 server certificate does NOT include an ID which matches the server name
[Tue Aug 11 09:41:37.822481 2026] [mpm_winnt:notice] [pid 6164:tid 372] AH00455: Apache/2.4.58 (Win64) OpenSSL/3.1.3 PHP/8.2.12 configured -- resuming normal operations
[Tue Aug 11 09:41:37.822481 2026] [mpm_winnt:notice] [pid 6164:tid 372] AH00456: Apache Lounge VS17 Server built: Oct 18 2023 13:03:18
[Tue Aug 11 09:41:37.822481 2026] [core:notice] [pid 6164:tid 372] AH00094: Command line: 'c:\\xampp\\apache\\bin\\httpd.exe -d C:/xampp/apache'
[Tue Aug 11 09:41:37.831736 2026] [mpm_winnt:notice] [pid 6164:tid 372] AH00418: Parent: Created child process 26988
[Tue Aug 11 09:41:38.278066 2026] [ssl:warn] [pid 26988:tid 360] AH01909: www.example.com:443:0 server certificate does NOT include an ID which matches the server name
[Tue Aug 11 09:41:38.333931 2026] [ssl:warn] [pid 26988:tid 360] AH01909: www.example.com:443:0 server certificate does NOT include an ID which matches the server name
[Tue Aug 11 09:41:38.385890 2026] [mpm_winnt:notice] [pid 26988:tid 360] AH00354: Child: Starting 150 worker threads.
[Tue Aug 11 19:23:36.906495 2026] [ssl:warn] [pid 15340:tid 368] AH01909: www.example.com:443:0 server certificate does NOT include an ID which matches the server name
[Tue Aug 11 19:23:36.972023 2026] [core:warn] [pid 15340:tid 368] AH00098: pid file C:/xampp/apache/logs/httpd.pid overwritten -- Unclean shutdown of previous Apache run?
[Tue Aug 11 19:23:36.975007 2026] [ssl:warn] [pid 15340:tid 368] AH01909: www.example.com:443:0 server certificate does NOT include an ID which matches the server name
[Tue Aug 11 19:23:37.412937 2026] [mpm_winnt:notice] [pid 15340:tid 368] AH00455: Apache/2.4.58 (Win64) OpenSSL/3.1.3 PHP/8.2.12 configured -- resuming normal operations
[Tue Aug 11 19:23:37.412937 2026] [mpm_winnt:notice] [pid 15340:tid 368] AH00456: Apache Lounge VS17 Server built: Oct 18 2023 13:03:18
[Tue Aug 11 19:23:37.412937 2026] [core:notice] [pid 15340:tid 368] AH00094: Command line: 'c:\\xampp\\apache\\bin\\httpd.exe -d C:/xampp/apache'
[Tue Aug 11 19:23:37.421876 2026] [mpm_winnt:notice] [pid 15340:tid 368] AH00418: Parent: Created child process 17160
[Tue Aug 11 19:23:37.903709 2026] [ssl:warn] [pid 17160:tid 344] AH01909: www.example.com:443:0 server certificate does NOT include an ID which matches the server name
[Tue Aug 11 19:23:37.961203 2026] [ssl:warn] [pid 17160:tid 344] AH01909: www.example.com:443:0 server certificate does NOT include an ID which matches the server name
[Tue Aug 11 19:23:38.013638 2026] [mpm_winnt:notice] [pid 17160:tid 344] AH00354: Child: Starting 150 worker threads.
[Tue Aug 11 19:42:15.056581 2026] [php:warn] [pid 17160:tid 1928] [client ::1:64770] PHP Warning:  include(mdelo/conexion.php): Failed to open stream: No such file or directory in C:\\xampp\\htdocs\\Proyecto-Inventario\\Inventario_php\\index.php on line 83, referer: http://localhost/Proyecto-Inventario/inventario_php/index.php
[Tue Aug 11 19:42:15.056581 2026] [php:warn] [pid 17160:tid 1928] [client ::1:64770] PHP Warning:  include(): Failed opening 'mdelo/conexion.php' for inclusion (include_path='C:\\xampp\\php\\PEAR') in C:\\xampp\\htdocs\\Proyecto-Inventario\\Inventario_php\\index.php on line 83, referer: http://localhost/Proyecto-Inventario/inventario_php/index.php
[Tue Aug 11 19:42:15.057598 2026] [php:warn] [pid 17160:tid 1928] [client ::1:64770] PHP Warning:  Undefined variable $conexion in C:\\xampp\\htdocs\\Proyecto-Inventario\\Inventario_php\\index.php on line 84, referer: http://localhost/Proyecto-Inventario/inventario_php/index.php
[Tue Aug 11 19:42:15.057598 2026] [php:error] [pid 17160:tid 1928] [client ::1:64770] PHP Fatal error:  Uncaught Error: Call to a member function query() on null in C:\\xampp\\htdocs\\Proyecto-Inventario\\Inventario_php\\index.php:84\nStack trace:\n#0 {main}\n  thrown in C:\\xampp\\htdocs\\Proyecto-Inventario\\Inventario_php\\index.php on line 84, referer: http://localhost/Proyecto-Inventario/inventario_php/index.php
[Tue Aug 11 19:42:44.866940 2026] [php:warn] [pid 17160:tid 1932] [client ::1:49674] PHP Warning:  Undefined variable $conexion in C:\\xampp\\htdocs\\Proyecto-Inventario\\Inventario_php\\index.php on line 84, referer: http://localhost/Proyecto-Inventario/inventario_php/index.php
[Tue Aug 11 19:42:44.868056 2026] [php:error] [pid 17160:tid 1932] [client ::1:49674] PHP Fatal error:  Uncaught Error: Call to a member function query() on null in C:\\xampp\\htdocs\\Proyecto-Inventario\\Inventario_php\\index.php:84\nStack trace:\n#0 {main}\n  thrown in C:\\xampp\\htdocs\\Proyecto-Inventario\\Inventario_php\\index.php on line 84, referer: http://localhost/Proyecto-Inventario/inventario_php/index.php
[Tue Aug 11 19:44:50.754425 2026] [php:error] [pid 17160:tid 1928] [client ::1:56048] PHP Fatal error:  Uncaught mysqli_sql_exception: Unknown database 'inventario_php' in C:\\xampp\\htdocs\\Proyecto-Inventario\\Inventario_php\\modelo\\conexion.php:2\nStack trace:\n#0 C:\\xampp\\htdocs\\Proyecto-Inventario\\Inventario_php\\modelo\\conexion.php(2): mysqli->__construct('localhost', 'root', Object(SensitiveParameterValue), 'inventario_php')\n#1 C:\\xampp\\htdocs\\Proyecto-Inventario\\Inventario_php\\index.php(21): include('C:\\\\xampp\\\\htdocs...')\n#2 {main}\n  thrown in C:\\xampp\\htdocs\\Proyecto-Inventario\\Inventario_php\\modelo\\conexion.php on line 2, referer: http://localhost/Proyecto-Inventario/inventario_php/index.php
[Tue Aug 11 19:48:39.151579 2026] [php:error] [pid 17160:tid 1912] [client ::1:64673] PHP Fatal error:  Uncaught mysqli_sql_exception: Unknown database 'inventario_php' in C:\\xampp\\htdocs\\Proyecto-Inventario\\Inventario_php\\modelo\\conexion.php:2\nStack trace:\n#0 C:\\xampp\\htdocs\\Proyecto-Inventario\\Inventario_php\\modelo\\conexion.php(2): mysqli->__construct('localhost', 'root', Object(SensitiveParameterValue), 'inventario_php')\n#1 C:\\xampp\\htdocs\\Proyecto-Inventario\\Inventario_php\\index.php(21): include('C:\\\\xampp\\\\htdocs...')\n#2 {main}\n  thrown in C:\\xampp\\htdocs\\Proyecto-Inventario\\Inventario_php\\modelo\\conexion.php on line 2, referer: http://localhost/Proyecto-Inventario/inventario_php/index.php
[Tue Aug 11 19:55:09.418839 2026] [php:warn] [pid 17160:tid 1888] [client ::1:63048] PHP Warning:  Undefined property: stdClass::$NumInventario in C:\\xampp\\htdocs\\Proyecto-Inventario\\Inventario_php\\index.php on line 94, referer: http://localhost/Proyecto-Inventario/inventario_php/index.php
[Tue Aug 11 19:55:09.418839 2026] [php:warn] [pid 17160:tid 1888] [client ::1:63048] PHP Warning:  Undefined property: stdClass::$mantenimiento in C:\\xampp\\htdocs\\Proyecto-Inventario\\Inventario_php\\index.php on line 95, referer: http://localhost/Proyecto-Inventario/inventario_php/index.php
[Tue Aug 11 19:55:09.418839 2026] [php:warn] [pid 17160:tid 1888] [client ::1:63048] PHP Warning:  Undefined property: stdClass::$NumInventario in C:\\xampp\\htdocs\\Proyecto-Inventario\\Inventario_php\\index.php on line 94, referer: http://localhost/Proyecto-Inventario/inventario_php/index.php
[Tue Aug 11 19:55:09.419843 2026] [php:warn] [pid 17160:tid 1888] [client ::1:63048] PHP Warning:  Undefined property: stdClass::$mantenimiento in C:\\xampp\\htdocs\\Proyecto-Inventario\\Inventario_php\\index.php on line 95, referer: http://localhost/Proyecto-Inventario/inventario_php/index.php
[Tue Aug 11 19:55:09.419843 2026] [php:warn] [pid 17160:tid 1888] [client ::1:63048] PHP Warning:  Undefined property: stdClass::$NumInventario in C:\\xampp\\htdocs\\Proyecto-Inventario\\Inventario_php\\index.php on line 94, referer: http://localhost/Proyecto-Inventario/inventario_php/index.php
[Tue Aug 11 19:55:09.419843 2026] [php:warn] [pid 17160:tid 1888] [client ::1:63048] PHP Warning:  Undefined property: stdClass::$mantenimiento in C:\\xampp\\htdocs\\Proyecto-Inventario\\Inventario_php\\index.php on line 95, referer: http://localhost/Proyecto-Inventario/inventario_php/index.php
[Tue Aug 11 19:55:09.419843 2026] [php:warn] [pid 17160:tid 1888] [client ::1:63048] PHP Warning:  Undefined property: stdClass::$NumInventario in C:\\xampp\\htdocs\\Proyecto-Inventario\\Inventario_php\\index.php on line 94, referer: http://localhost/Proyecto-Inventario/inventario_php/index.php
[Tue Aug 11 19:55:09.421032 2026] [php:warn] [pid 17160:tid 1888] [client ::1:63048] PHP Warning:  Undefined property: stdClass::$mantenimiento in C:\\xampp\\htdocs\\Proyecto-Inventario\\Inventario_php\\index.php on line 95, referer: http://localhost/Proyecto-Inventario/inventario_php/index.php
[Tue Aug 11 19:55:09.421646 2026] [php:warn] [pid 17160:tid 1888] [client ::1:63048] PHP Warning:  Undefined property: stdClass::$NumInventario in C:\\xampp\\htdocs\\Proyecto-Inventario\\Inventario_php\\index.php on line 94, referer: http://localhost/Proyecto-Inventario/inventario_php/index.php
[Tue Aug 11 19:55:09.421646 2026] [php:warn] [pid 17160:tid 1888] [client ::1:63048] PHP Warning:  Undefined property: stdClass::$mantenimiento in C:\\xampp\\htdocs\\Proyecto-Inventario\\Inventario_php\\index.php on line 95, referer: http://localhost/Proyecto-Inventario/inventario_php/index.php
[Tue Aug 11 19:55:09.421646 2026] [php:warn] [pid 17160:tid 1888] [client ::1:63048] PHP Warning:  Undefined property: stdClass::$NumInventario in C:\\xampp\\htdocs\\Proyecto-Inventario\\Inventario_php\\index.php on line 94, referer: http://localhost/Proyecto-Inventario/inventario_php/index.php
[Tue Aug 11 19:55:09.421646 2026] [php:warn] [pid 17160:tid 1888] [client ::1:63048] PHP Warning:  Undefined property: stdClass::$mantenimiento in C:\\xampp\\htdocs\\Proyecto-Inventario\\Inventario_php\\index.php on line 95, referer: http://localhost/Proyecto-Inventario/inventario_php/index.php
[Tue Aug 11 19:55:09.423106 2026] [php:warn] [pid 17160:tid 1888] [client ::1:63048] PHP Warning:  Undefined property: stdClass::$NumInventario in C:\\xampp\\htdocs\\Proyecto-Inventario\\Inventario_php\\index.php on line 94, referer: http://localhost/Proyecto-Inventario/inventario_php/index.php
[Tue Aug 11 19:55:09.423106 2026] [php:warn] [pid 17160:tid 1888] [client ::1:63048] PHP Warning:  Undefined property: stdClass::$mantenimiento in C:\\xampp\\htdocs\\Proyecto-Inventario\\Inventario_php\\index.php on line 95, referer: http://localhost/Proyecto-Inventario/inventario_php/index.php
[Tue Aug 11 19:55:09.423780 2026] [php:warn] [pid 17160:tid 1888] [client ::1:63048] PHP Warning:  Undefined property: stdClass::$NumInventario in C:\\xampp\\htdocs\\Proyecto-Inventario\\Inventario_php\\index.php on line 94, referer: http://localhost/Proyecto-Inventario/inventario_php/index.php
[Tue Aug 11 19:55:09.423780 2026] [php:warn] [pid 17160:tid 1888] [client ::1:63048] PHP Warning:  Undefined property: stdClass::$mantenimiento in C:\\xampp\\htdocs\\Proyecto-Inventario\\Inventario_php\\index.php on line 95, referer: http://localhost/Proyecto-Inventario/inventario_php/index.php
[Tue Aug 11 19:55:09.423780 2026] [php:warn] [pid 17160:tid 1888] [client ::1:63048] PHP Warning:  Undefined property: stdClass::$NumInventario in C:\\xampp\\htdocs\\Proyecto-Inventario\\Inventario_php\\index.php on line 94, referer: http://localhost/Proyecto-Inventario/inventario_php/index.php
[Tue Aug 11 19:55:09.424287 2026] [php:warn] [pid 17160:tid 1888] [client ::1:63048] PHP Warning:  Undefined property: stdClass::$mantenimiento in C:\\xampp\\htdocs\\Proyecto-Inventario\\Inventario_php\\index.php on line 95, referer: http://localhost/Proyecto-Inventario/inventario_php/index.php
[Tue Aug 11 19:55:09.424287 2026] [php:warn] [pid 17160:tid 1888] [client ::1:63048] PHP Warning:  Undefined property: stdClass::$NumInventario in C:\\xampp\\htdocs\\Proyecto-Inventario\\Inventario_php\\index.php on line 94, referer: http://localhost/Proyecto-Inventario/inventario_php/index.php
[Tue Aug 11 19:55:09.424287 2026] [php:warn] [pid 17160:tid 1888] [client ::1:63048] PHP Warning:  Undefined property: stdClass::$mantenimiento in C:\\xampp\\htdocs\\Proyecto-Inventario\\Inventario_php\\index.php on line 95, referer: http://localhost/Proyecto-Inventario/inventario_php/index.php
[Tue Aug 11 19:55:09.425361 2026] [php:warn] [pid 17160:tid 1888] [client ::1:63048] PHP Warning:  Undefined property: stdClass::$NumInventario in C:\\xampp\\htdocs\\Proyecto-Inventario\\Inventario_php\\index.php on line 94, referer: http://localhost/Proyecto-Inventario/inventario_php/index.php
[Tue Aug 11 19:55:09.425361 2026] [php:warn] [pid 17160:tid 1888] [client ::1:63048] PHP Warning:  Undefined property: stdClass::$mantenimiento in C:\\xampp\\htdocs\\Proyecto-Inventario\\Inventario_php\\index.php on line 95, referer: http://localhost/Proyecto-Inventario/inventario_php/index.php
[Tue Aug 11 19:55:09.425361 2026] [php:warn] [pid 17160:tid 1888] [client ::1:63048] PHP Warning:  Undefined property: stdClass::$NumInventario in C:\\xampp\\htdocs\\Proyecto-Inventario\\Inventario_php\\index.php on line 94, referer: http://localhost/Proyecto-Inventario/inventario_php/index.php
[Tue Aug 11 19:55:09.426411 2026] [php:warn] [pid 17160:tid 1888] [client ::1:63048] PHP Warning:  Undefined property: stdClass::$mantenimiento in C:\\xampp\\htdocs\\Proyecto-Inventario\\Inventario_php\\index.php on line 95, referer: http://localhost/Proyecto-Inventario/inventario_php/index.php
[Tue Aug 11 19:55:09.426411 2026] [php:warn] [pid 17160:tid 1888] [client ::1:63048] PHP Warning:  Undefined property: stdClass::$NumInventario in C:\\xampp\\htdocs\\Proyecto-Inventario\\Inventario_php\\index.php on line 94, referer: http://localhost/Proyecto-Inventario/inventario_php/index.php
[Tue Aug 11 19:55:09.430370 2026] [php:warn] [pid 17160:tid 1888] [client ::1:63048] PHP Warning:  Undefined property: stdClass::$mantenimiento in C:\\xampp\\htdocs\\Proyecto-Inventario\\Inventario_php\\index.php on line 95, referer: http://localhost/Proyecto-Inventario/inventario_php/index.php
[Tue Aug 11 19:55:09.434433 2026] [php:warn] [pid 17160:tid 1888] [client ::1:63048] PHP Warning:  Undefined property: stdClass::$NumInventario in C:\\xampp\\htdocs\\Proyecto-Inventario\\Inventario_php\\index.php on line 94, referer: http://localhost/Proyecto-Inventario/inventario_php/index.php
[Tue Aug 11 19:55:09.434433 2026] [php:warn] [pid 17160:tid 1888] [client ::1:63048] PHP Warning:  Undefined property: stdClass::$mantenimiento in C:\\xampp\\htdocs\\Proyecto-Inventario\\Inventario_php\\index.php on line 95, referer: http://localhost/Proyecto-Inventario/inventario_php/index.php
[Tue Aug 11 19:55:09.435846 2026] [php:warn] [pid 17160:tid 1888] [client ::1:63048] PHP Warning:  Undefined property: stdClass::$NumInventario in C:\\xampp\\htdocs\\Proyecto-Inventario\\Inventario_php\\index.php on line 94, referer: http://localhost/Proyecto-Inventario/inventario_php/index.php
[Tue Aug 11 19:55:09.435846 2026] [php:warn] [pid 17160:tid 1888] [client ::1:63048] PHP Warning:  Undefined property: stdClass::$mantenimiento in C:\\xampp\\htdocs\\Proyecto-Inventario\\Inventario_php\\index.php on line 95, referer: http://localhost/Proyecto-Inventario/inventario_php/index.php
[Tue Aug 11 19:55:09.435846 2026] [php:warn] [pid 17160:tid 1888] [client ::1:63048] PHP Warning:  Undefined property: stdClass::$NumInventario in C:\\xampp\\htdocs\\Proyecto-Inventario\\Inventario_php\\index.php on line 94, referer: http://localhost/Proyecto-Inventario/inventario_php/index.php
[Tue Aug 11 19:55:09.437856 2026] [php:warn] [pid 17160:tid 1888] [client ::1:63048] PHP Warning:  Undefined property: stdClass::$mantenimiento in C:\\xampp\\htdocs\\Proyecto-Inventario\\Inventario_php\\index.php on line 95, referer: http://localhost/Proyecto-Inventario/inventario_php/index.php
[Tue Aug 11 19:55:09.437856 2026] [php:warn] [pid 17160:tid 1888] [client ::1:63048] PHP Warning:  Undefined property: stdClass::$NumInventario in C:\\xampp\\htdocs\\Proyecto-Inventario\\Inventario_php\\index.php on line 94, referer: http://localhost/Proyecto-Inventario/inventario_php/index.php
[Tue Aug 11 19:55:09.437856 2026] [php:warn] [pid 17160:tid 1888] [client ::1:63048] PHP Warning:  Undefined property: stdClass::$mantenimiento in C:\\xampp\\htdocs\\Proyecto-Inventario\\Inventario_php\\index.php on line 95, referer: http://localhost/Proyecto-Inventario/inventario_php/index.php
[Tue Aug 11 19:55:09.437856 2026] [php:warn] [pid 17160:tid 1888] [client ::1:63048] PHP Warning:  Undefined property: stdClass::$NumInventario in C:\\xampp\\htdocs\\Proyecto-Inventario\\Inventario_php\\index.php on line 94, referer: http://localhost/Proyecto-Inventario/inventario_php/index.php
[Tue Aug 11 19:55:09.438855 2026] [php:warn] [pid 17160:tid 1888] [client ::1:63048] PHP Warning:  Undefined property: stdClass::$mantenimiento in C:\\xampp\\htdocs\\Proyecto-Inventario\\Inventario_php\\index.php on line 95, referer: http://localhost/Proyecto-Inventario/inventario_php/index.php
[Tue Aug 11 19:55:09.438855 2026] [php:warn] [pid 17160:tid 1888] [client ::1:63048] PHP Warning:  Undefined property: stdClass::$NumInventario in C:\\xampp\\htdocs\\Proyecto-Inventario\\Inventario_php\\index.php on line 94, referer: http://localhost/Proyecto-Inventario/inventario_php/index.php
[Tue Aug 11 19:55:09.439856 2026] [php:warn] [pid 17160:tid 1888] [client ::1:63048] PHP Warning:  Undefined property: stdClass::$mantenimiento in C:\\xampp\\htdocs\\Proyecto-Inventario\\Inventario_php\\index.php on line 95, referer: http://localhost/Proyecto-Inventario/inventario_php/index.php
[Tue Aug 11 19:55:09.439856 2026] [php:warn] [pid 17160:tid 1888] [client ::1:63048] PHP Warning:  Undefined property: stdClass::$NumInventario in C:\\xampp\\htdocs\\Proyecto-Inventario\\Inventario_php\\index.php on line 94, referer: http://localhost/Proyecto-Inventario/inventario_php/index.php
[Tue Aug 11 19:55:09.439856 2026] [php:warn] [pid 17160:tid 1888] [client ::1:63048] PHP Warning:  Undefined property: stdClass::$mantenimiento in C:\\xampp\\htdocs\\Proyecto-Inventario\\Inventario_php\\index.php on line 95, referer: http://localhost/Proyecto-Inventario/inventario_php/index.php
[Tue Aug 11 19:55:09.440857 2026] [php:warn] [pid 17160:tid 1888] [client ::1:63048] PHP Warning:  Undefined property: stdClass::$NumInventario in C:\\xampp\\htdocs\\Proyecto-Inventario\\Inventario_php\\index.php on line 94, referer: http://localhost/Proyecto-Inventario/inventario_php/index.php
[Tue Aug 11 19:55:09.440857 2026] [php:warn] [pid 17160:tid 1888] [client ::1:63048] PHP Warning:  Undefined property: stdClass::$mantenimiento in C:\\xampp\\htdocs\\Proyecto-Inventario\\Inventario_php\\index.php on line 95, referer: http://localhost/Proyecto-Inventario/inventario_php/index.php
[Tue Aug 11 19:55:09.440857 2026] [php:warn] [pid 17160:tid 1888] [client ::1:63048] PHP Warning:  Undefined property: stdClass::$NumInventario in C:\\xampp\\htdocs\\Proyecto-Inventario\\Inventario_php\\index.php on line 94, referer: http://localhost/Proyecto-Inventario/inventario_php/index.php
[Tue Aug 11 19:55:09.441856 2026] [php:warn] [pid 17160:tid 1888] [client ::1:63048] PHP Warning:  Undefined property: stdClass::$mantenimiento in C:\\xampp\\htdocs\\Proyecto-Inventario\\Inventario_php\\index.php on line 95, referer: http://localhost/Proyecto-Inventario/inventario_php/index.php
[Tue Aug 11 19:55:09.441856 2026] [php:warn] [pid 17160:tid 1888] [client ::1:63048] PHP Warning:  Undefined property: stdClass::$NumInventario in C:\\xampp\\htdocs\\Proyecto-Inventario\\Inventario_php\\index.php on line 94, referer: http://localhost/Proyecto-Inventario/inventario_php/index.php
[Tue Aug 11 19:55:09.441856 2026] [php:warn] [pid 17160:tid 1888] [client ::1:63048] PHP Warning:  Undefined property: stdClass::$mantenimiento in C:\\xampp\\htdocs\\Proyecto-Inventario\\Inventario_php\\index.php on line 95, referer: http://localhost/Proyecto-Inventario/inventario_php/index.php
[Tue Aug 11 19:55:09.441856 2026] [php:warn] [pid 17160:tid 1888] [client ::1:63048] PHP Warning:  Undefined property: stdClass::$NumInventario in C:\\xampp\\htdocs\\Proyecto-Inventario\\Inventario_php\\index.php on line 94, referer: http://localhost/Proyecto-Inventario/inventario_php/index.php
[Tue Aug 11 19:55:09.442855 2026] [php:warn] [pid 17160:tid 1888] [client ::1:63048] PHP Warning:  Undefined property: stdClass::$mantenimiento in C:\\xampp\\htdocs\\Proyecto-Inventario\\Inventario_php\\index.php on line 95, referer: http://localhost/Proyecto-Inventario/inventario_php/index.php
[Tue Aug 11 19:55:09.442855 2026] [php:warn] [pid 17160:tid 1888] [client ::1:63048] PHP Warning:  Undefined property: stdClass::$NumInventario in C:\\xampp\\htdocs\\Proyecto-Inventario\\Inventario_php\\index.php on line 94, referer: http://localhost/Proyecto-Inventario/inventario_php/index.php
[Tue Aug 11 19:55:09.442855 2026] [php:warn] [pid 17160:tid 1888] [client ::1:63048] PHP Warning:  Undefined property: stdClass::$mantenimiento in C:\\xampp\\htdocs\\Proyecto-Inventario\\Inventario_php\\index.php on line 95, referer: http://localhost/Proyecto-Inventario/inventario_php/index.php
[Tue Aug 11 19:55:09.442855 2026] [php:warn] [pid 17160:tid 1888] [client ::1:63048] PHP Warning:  Undefined property: stdClass::$NumInventario in C:\\xampp\\htdocs\\Proyecto-Inventario\\Inventario_php\\index.php on line 94, referer: http://localhost/Proyecto-Inventario/inventario_php/index.php
[Tue Aug 11 19:55:09.442855 2026] [php:warn] [pid 17160:tid 1888] [client ::1:63048] PHP Warning:  Undefined property: stdClass::$mantenimiento in C:\\xampp\\htdocs\\Proyecto-Inventario\\Inventario_php\\index.php on line 95, referer: http://localhost/Proyecto-Inventario/inventario_php/index.php
[Tue Aug 11 19:55:09.444361 2026] [php:warn] [pid 17160:tid 1888] [client ::1:63048] PHP Warning:  Undefined property: stdClass::$NumInventario in C:\\xampp\\htdocs\\Proyecto-Inventario\\Inventario_php\\index.php on line 94, referer: http://localhost/Proyecto-Inventario/inventario_php/index.php
[Tue Aug 11 19:55:09.444361 2026] [php:warn] [pid 17160:tid 1888] [client ::1:63048] PHP Warning:  Undefined property: stdClass::$mantenimiento in C:\\xampp\\htdocs\\Proyecto-Inventario\\Inventario_php\\index.php on line 95, referer: http://localhost/Proyecto-Inventario/inventario_php/index.php
[Tue Aug 11 19:55:09.444361 2026] [php:warn] [pid 17160:tid 1888] [client ::1:63048] PHP Warning:  Undefined property: stdClass::$NumInventario in C:\\xampp\\htdocs\\Proyecto-Inventario\\Inventario_php\\index.php on line 94, referer: http://localhost/Proyecto-Inventario/inventario_php/index.php
[Tue Aug 11 19:55:09.444361 2026] [php:warn] [pid 17160:tid 1888] [client ::1:63048] PHP Warning:  Undefined property: stdClass::$mantenimiento in C:\\xampp\\htdocs\\Proyecto-Inventario\\Inventario_php\\index.php on line 95, referer: http://localhost/Proyecto-Inventario/inventario_php/index.php
[Tue Aug 11 19:55:09.448375 2026] [php:warn] [pid 17160:tid 1888] [client ::1:63048] PHP Warning:  Undefined property: stdClass::$NumInventario in C:\\xampp\\htdocs\\Proyecto-Inventario\\Inventario_php\\index.php on line 94, referer: http://localhost/Proyecto-Inventario/inventario_php/index.php
[Tue Aug 11 19:55:09.449377 2026] [php:warn] [pid 17160:tid 1888] [client ::1:63048] PHP Warning:  Undefined property: stdClass::$mantenimiento in C:\\xampp\\htdocs\\Proyecto-Inventario\\Inventario_php\\index.php on line 95, referer: http://localhost/Proyecto-Inventario/inventario_php/index.php
[Tue Aug 11 19:55:09.449377 2026] [php:warn] [pid 17160:tid 1888] [client ::1:63048] PHP Warning:  Undefined property: stdClass::$NumInventario in C:\\xampp\\htdocs\\Proyecto-Inventario\\Inventario_php\\index.php on line 94, referer: http://localhost/Proyecto-Inventario/inventario_php/index.php
[Tue Aug 11 19:55:09.450374 2026] [php:warn] [pid 17160:tid 1888] [client ::1:63048] PHP Warning:  Undefined property: stdClass::$mantenimiento in C:\\xampp\\htdocs\\Proyecto-Inventario\\Inventario_php\\index.php on line 95, referer: http://localhost/Proyecto-Inventario/inventario_php/index.php
[Tue Aug 11 19:55:09.450374 2026] [php:warn] [pid 17160:tid 1888] [client ::1:63048] PHP Warning:  Undefined property: stdClass::$NumInventario in C:\\xampp\\htdocs\\Proyecto-Inventario\\Inventario_php\\index.php on line 94, referer: http://localhost/Proyecto-Inventario/inventario_php/index.php
[Tue Aug 11 19:55:09.451377 2026] [php:warn] [pid 17160:tid 1888] [client ::1:63048] PHP Warning:  Undefined property: stdClass::$mantenimiento in C:\\xampp\\htdocs\\Proyecto-Inventario\\Inventario_php\\index.php on line 95, referer: http://localhost/Proyecto-Inventario/inventario_php/index.php
[Tue Aug 11 19:55:09.452375 2026] [php:warn] [pid 17160:tid 1888] [client ::1:63048] PHP Warning:  Undefined property: stdClass::$NumInventario in C:\\xampp\\htdocs\\Proyecto-Inventario\\Inventario_php\\index.php on line 94, referer: http://localhost/Proyecto-Inventario/inventario_php/index.php
[Tue Aug 11 19:55:09.453375 2026] [php:warn] [pid 17160:tid 1888] [client ::1:63048] PHP Warning:  Undefined property: stdClass::$mantenimiento in C:\\xampp\\htdocs\\Proyecto-Inventario\\Inventario_php\\index.php on line 95, referer: http://localhost/Proyecto-Inventario/inventario_php/index.php
[Tue Aug 11 19:55:09.453375 2026] [php:warn] [pid 17160:tid 1888] [client ::1:63048] PHP Warning:  Undefined property: stdClass::$NumInventario in C:\\xampp\\htdocs\\Proyecto-Inventario\\Inventario_php\\index.php on line 94, referer: http://localhost/Proyecto-Inventario/inventario_php/index.php
[Tue Aug 11 19:55:09.453375 2026] [php:warn] [pid 17160:tid 1888] [client ::1:63048] PHP Warning:  Undefined property: stdClass::$mantenimiento in C:\\xampp\\htdocs\\Proyecto-Inventario\\Inventario_php\\index.php on line 95, referer: http://localhost/Proyecto-Inventario/inventario_php/index.php
[Tue Aug 11 19:55:09.453375 2026] [php:warn] [pid 17160:tid 1888] [client ::1:63048] PHP Warning:  Undefined property: stdClass::$NumInventario in C:\\xampp\\htdocs\\Proyecto-Inventario\\Inventario_php\\index.php on line 94, referer: http://localhost/Proyecto-Inventario/inventario_php/index.php
[Tue Aug 11 19:55:09.453375 2026] [php:warn] [pid 17160:tid 1888] [client ::1:63048] PHP Warning:  Undefined property: stdClass::$mantenimiento in C:\\xampp\\htdocs\\Proyecto-Inventario\\Inventario_php\\index.php on line 95, referer: http://localhost/Proyecto-Inventario/inventario_php/index.php
[Tue Aug 11 19:55:09.453375 2026] [php:warn] [pid 17160:tid 1888] [client ::1:63048] PHP Warning:  Undefined property: stdClass::$NumInventario in C:\\xampp\\htdocs\\Proyecto-Inventario\\Inventario_php\\index.php on line 94, referer: http://localhost/Proyecto-Inventario/inventario_php/index.php
[Tue Aug 11 19:55:09.454376 2026] [php:warn] [pid 17160:tid 1888] [client ::1:63048] PHP Warning:  Undefined property: stdClass::$mantenimiento in C:\\xampp\\htdocs\\Proyecto-Inventario\\Inventario_php\\index.php on line 95, referer: http://localhost/Proyecto-Inventario/inventario_php/index.php
[Tue Aug 11 19:55:09.454376 2026] [php:warn] [pid 17160:tid 1888] [client ::1:63048] PHP Warning:  Undefined property: stdClass::$NumInventario in C:\\xampp\\htdocs\\Proyecto-Inventario\\Inventario_php\\index.php on line 94, referer: http://localhost/Proyecto-Inventario/inventario_php/index.php
[Tue Aug 11 19:55:09.454376 2026] [php:warn] [pid 17160:tid 1888] [client ::1:63048] PHP Warning:  Undefined property: stdClass::$mantenimiento in C:\\xampp\\htdocs\\Proyecto-Inventario\\Inventario_php\\index.php on line 95, referer: http://localhost/Proyecto-Inventario/inventario_php/index.php
[Tue Aug 11 19:55:09.454376 2026] [php:warn] [pid 17160:tid 1888] [client ::1:63048] PHP Warning:  Undefined property: stdClass::$NumInventario in C:\\xampp\\htdocs\\Proyecto-Inventario\\Inventario_php\\index.php on line 94, referer: http://localhost/Proyecto-Inventario/inventario_php/index.php
[Tue Aug 11 19:55:09.455711 2026] [php:warn] [pid 17160:tid 1888] [client ::1:63048] PHP Warning:  Undefined property: stdClass::$mantenimiento in C:\\xampp\\htdocs\\Proyecto-Inventario\\Inventario_php\\index.php on line 95, referer: http://localhost/Proyecto-Inventario/inventario_php/index.php
[Tue Aug 11 19:55:09.455711 2026] [php:warn] [pid 17160:tid 1888] [client ::1:63048] PHP Warning:  Undefined property: stdClass::$NumInventario in C:\\xampp\\htdocs\\Proyecto-Inventario\\Inventario_php\\index.php on line 94, referer: http://localhost/Proyecto-Inventario/inventario_php/index.php
[Tue Aug 11 19:55:09.456709 2026] [php:warn] [pid 17160:tid 1888] [client ::1:63048] PHP Warning:  Undefined property: stdClass::$mantenimiento in C:\\xampp\\htdocs\\Proyecto-Inventario\\Inventario_php\\index.php on line 95, referer: http://localhost/Proyecto-Inventario/inventario_php/index.php
[Tue Aug 11 19:55:09.456709 2026] [php:warn] [pid 17160:tid 1888] [client ::1:63048] PHP Warning:  Undefined property: stdClass::$NumInventario in C:\\xampp\\htdocs\\Proyecto-Inventario\\Inventario_php\\index.php on line 94, referer: http://localhost/Proyecto-Inventario/inventario_php/index.php
[Tue Aug 11 19:55:09.456709 2026] [php:warn] [pid 17160:tid 1888] [client ::1:63048] PHP Warning:  Undefined property: stdClass::$mantenimiento in C:\\xampp\\htdocs\\Proyecto-Inventario\\Inventario_php\\index.php on line 95, referer: http://localhost/Proyecto-Inventario/inventario_php/index.php
[Tue Aug 11 19:55:09.456709 2026] [php:warn] [pid 17160:tid 1888] [client ::1:63048] PHP Warning:  Undefined property: stdClass::$NumInventario in C:\\xampp\\htdocs\\Proyecto-Inventario\\Inventario_php\\index.php on line 94, referer: http://localhost/Proyecto-Inventario/inventario_php/index.php
[Tue Aug 11 19:55:09.457705 2026] [php:warn] [pid 17160:tid 1888] [client ::1:63048] PHP Warning:  Undefined property: stdClass::$mantenimiento in C:\\xampp\\htdocs\\Proyecto-Inventario\\Inventario_php\\index.php on line 95, referer: http://localhost/Proyecto-Inventario/inventario_php/index.php
[Tue Aug 11 19:55:09.457705 2026] [php:warn] [pid 17160:tid 1888] [client ::1:63048] PHP Warning:  Undefined property: stdClass::$NumInventario in C:\\xampp\\htdocs\\Proyecto-Inventario\\Inventario_php\\index.php on line 94, referer: http://localhost/Proyecto-Inventario/inventario_php/index.php
[Tue Aug 11 19:55:09.457705 2026] [php:warn] [pid 17160:tid 1888] [client ::1:63048] PHP Warning:  Undefined property: stdClass::$mantenimiento in C:\\xampp\\htdocs\\Proyecto-Inventario\\Inventario_php\\index.php on line 95, referer: http://localhost/Proyecto-Inventario/inventario_php/index.php
[Tue Aug 11 19:55:09.457705 2026] [php:warn] [pid 17160:tid 1888] [client ::1:63048] PHP Warning:  Undefined property: stdClass::$NumInventario in C:\\xampp\\htdocs\\Proyecto-Inventario\\Inventario_php\\index.php on line 94, referer: http://localhost/Proyecto-Inventario/inventario_php/index.php
[Tue Aug 11 19:55:09.458731 2026] [php:warn] [pid 17160:tid 1888] [client ::1:63048] PHP Warning:  Undefined property: stdClass::$mantenimiento in C:\\xampp\\htdocs\\Proyecto-Inventario\\Inventario_php\\index.php on line 95, referer: http://localhost/Proyecto-Inventario/inventario_php/index.php
[Tue Aug 11 19:55:09.458731 2026] [php:warn] [pid 17160:tid 1888] [client ::1:63048] PHP Warning:  Undefined property: stdClass::$NumInventario in C:\\xampp\\htdocs\\Proyecto-Inventario\\Inventario_php\\index.php on line 94, referer: http://localhost/Proyecto-Inventario/inventario_php/index.php
[Tue Aug 11 19:55:09.458731 2026] [php:warn] [pid 17160:tid 1888] [client ::1:63048] PHP Warning:  Undefined property: stdClass::$mantenimiento in C:\\xampp\\htdocs\\Proyecto-Inventario\\Inventario_php\\index.php on line 95, referer: http://localhost/Proyecto-Inventario/inventario_php/index.php
[Tue Aug 11 19:55:09.459703 2026] [php:warn] [pid 17160:tid 1888] [client ::1:63048] PHP Warning:  Undefined property: stdClass::$NumInventario in C:\\xampp\\htdocs\\Proyecto-Inventario\\Inventario_php\\index.php on line 94, referer: http://localhost/Proyecto-Inventario/inventario_php/index.php
[Tue Aug 11 19:55:09.459703 2026] [php:warn] [pid 17160:tid 1888] [client ::1:63048] PHP Warning:  Undefined property: stdClass::$mantenimiento in C:\\xampp\\htdocs\\Proyecto-Inventario\\Inventario_php\\index.php on line 95, referer: http://localhost/Proyecto-Inventario/inventario_php/index.php
[Tue Aug 11 19:55:09.459703 2026] [php:warn] [pid 17160:tid 1888] [client ::1:63048] PHP Warning:  Undefined property: stdClass::$NumInventario in C:\\xampp\\htdocs\\Proyecto-Inventario\\Inventario_php\\index.php on line 94, referer: http://localhost/Proyecto-Inventario/inventario_php/index.php
[Tue Aug 11 19:55:09.460702 2026] [php:warn] [pid 17160:tid 1888] [client ::1:63048] PHP Warning:  Undefined property: stdClass::$mantenimiento in C:\\xampp\\htdocs\\Proyecto-Inventario\\Inventario_php\\index.php on line 95, referer: http://localhost/Proyecto-Inventario/inventario_php/index.php
[Tue Aug 11 19:55:09.460702 2026] [php:warn] [pid 17160:tid 1888] [client ::1:63048] PHP Warning:  Undefined property: stdClass::$NumInventario in C:\\xampp\\htdocs\\Proyecto-Inventario\\Inventario_php\\index.php on line 94, referer: http://localhost/Proyecto-Inventario/inventario_php/index.php
[Tue Aug 11 19:55:09.460702 2026] [php:warn] [pid 17160:tid 1888] [client ::1:63048] PHP Warning:  Undefined property: stdClass::$mantenimiento in C:\\xampp\\htdocs\\Proyecto-Inventario\\Inventario_php\\index.php on line 95, referer: http://localhost/Proyecto-Inventario/inventario_php/index.php
[Tue Aug 11 19:55:09.462703 2026] [php:warn] [pid 17160:tid 1888] [client ::1:63048] PHP Warning:  Undefined property: stdClass::$NumInventario in C:\\xampp\\htdocs\\Proyecto-Inventario\\Inventario_php\\index.php on line 94, referer: http://localhost/Proyecto-Inventario/inventario_php/index.php
[Tue Aug 11 19:55:09.463703 2026] [php:warn] [pid 17160:tid 1888] [client ::1:63048] PHP Warning:  Undefined property: stdClass::$mantenimiento in C:\\xampp\\htdocs\\Proyecto-Inventario\\Inventario_php\\index.php on line 95, referer: http://localhost/Proyecto-Inventario/inventario_php/index.php
[Tue Aug 11 19:55:09.463703 2026] [php:warn] [pid 17160:tid 1888] [client ::1:63048] PHP Warning:  Undefined property: stdClass::$NumInventario in C:\\xampp\\htdocs\\Proyecto-Inventario\\Inventario_php\\index.php on line 94, referer: http://localhost/Proyecto-Inventario/inventario_php/index.php
[Tue Aug 11 19:55:09.463703 2026] [php:warn] [pid 17160:tid 1888] [client ::1:63048] PHP Warning:  Undefined property: stdClass::$mantenimiento in C:\\xampp\\htdocs\\Proyecto-Inventario\\Inventario_php\\index.php on line 95, referer: http://localhost/Proyecto-Inventario/inventario_php/index.php
[Tue Aug 11 19:55:09.464704 2026] [php:warn] [pid 17160:tid 1888] [client ::1:63048] PHP Warning:  Undefined property: stdClass::$NumInventario in C:\\xampp\\htdocs\\Proyecto-Inventario\\Inventario_php\\index.php on line 94, referer: http://localhost/Proyecto-Inventario/inventario_php/index.php
[Tue Aug 11 19:55:09.465209 2026] [php:warn] [pid 17160:tid 1888] [client ::1:63048] PHP Warning:  Undefined property: stdClass::$mantenimiento in C:\\xampp\\htdocs\\Proyecto-Inventario\\Inventario_php\\index.php on line 95, referer: http://localhost/Proyecto-Inventario/inventario_php/index.php
[Tue Aug 11 19:55:09.465209 2026] [php:warn] [pid 17160:tid 1888] [client ::1:63048] PHP Warning:  Undefined property: stdClass::$NumInventario in C:\\xampp\\htdocs\\Proyecto-Inventario\\Inventario_php\\index.php on line 94, referer: http://localhost/Proyecto-Inventario/inventario_php/index.php
[Tue Aug 11 19:55:09.465209 2026] [php:warn] [pid 17160:tid 1888] [client ::1:63048] PHP Warning:  Undefined property: stdClass::$mantenimiento in C:\\xampp\\htdocs\\Proyecto-Inventario\\Inventario_php\\index.php on line 95, referer: http://localhost/Proyecto-Inventario/inventario_php/index.php
[Tue Aug 11 19:55:09.466218 2026] [php:warn] [pid 17160:tid 1888] [client ::1:63048] PHP Warning:  Undefined property: stdClass::$NumInventario in C:\\xampp\\htdocs\\Proyecto-Inventario\\Inventario_php\\index.php on line 94, referer: http://localhost/Proyecto-Inventario/inventario_php/index.php
[Tue Aug 11 19:55:09.466218 2026] [php:warn] [pid 17160:tid 1888] [client ::1:63048] PHP Warning:  Undefined property: stdClass::$mantenimiento in C:\\xampp\\htdocs\\Proyecto-Inventario\\Inventario_php\\index.php on line 95, referer: http://localhost/Proyecto-Inventario/inventario_php/index.php
[Tue Aug 11 19:55:09.466218 2026] [php:warn] [pid 17160:tid 1888] [client ::1:63048] PHP Warning:  Undefined property: stdClass::$NumInventario in C:\\xampp\\htdocs\\Proyecto-Inventario\\Inventario_php\\index.php on line 94, referer: http://localhost/Proyecto-Inventario/inventario_php/index.php
[Tue Aug 11 19:55:09.466218 2026] [php:warn] [pid 17160:tid 1888] [client ::1:63048] PHP Warning:  Undefined property: stdClass::$mantenimiento in C:\\xampp\\htdocs\\Proyecto-Inventario\\Inventario_php\\index.php on line 95, referer: http://localhost/Proyecto-Inventario/inventario_php/index.php
[Tue Aug 11 19:55:09.466218 2026] [php:warn] [pid 17160:tid 1888] [client ::1:63048] PHP Warning:  Undefined property: stdClass::$NumInventario in C:\\xampp\\htdocs\\Proyecto-Inventario\\Inventario_php\\index.php on line 94, referer: http://localhost/Proyecto-Inventario/inventario_php/index.php
[Tue Aug 11 19:55:09.467686 2026] [php:warn] [pid 17160:tid 1888] [client ::1:63048] PHP Warning:  Undefined property: stdClass::$mantenimiento in C:\\xampp\\htdocs\\Proyecto-Inventario\\Inventario_php\\index.php on line 95, referer: http://localhost/Proyecto-Inventario/inventario_php/index.php
[Tue Aug 11 19:55:09.467686 2026] [php:warn] [pid 17160:tid 1888] [client ::1:63048] PHP Warning:  Undefined property: stdClass::$NumInventario in C:\\xampp\\htdocs\\Proyecto-Inventario\\Inventario_php\\index.php on line 94, referer: http://localhost/Proyecto-Inventario/inventario_php/index.php
[Tue Aug 11 19:55:09.467686 2026] [php:warn] [pid 17160:tid 1888] [client ::1:63048] PHP Warning:  Undefined property: stdClass::$mantenimiento in C:\\xampp\\htdocs\\Proyecto-Inventario\\Inventario_php\\index.php on line 95, referer: http://localhost/Proyecto-Inventario/inventario_php/index.php
[Tue Aug 11 19:55:09.468701 2026] [php:warn] [pid 17160:tid 1888] [client ::1:63048] PHP Warning:  Undefined property: stdClass::$NumInventario in C:\\xampp\\htdocs\\Proyecto-Inventario\\Inventario_php\\index.php on line 94, referer: http://localhost/Proyecto-Inventario/inventario_php/index.php
[Tue Aug 11 19:55:09.468701 2026] [php:warn] [pid 17160:tid 1888] [client ::1:63048] PHP Warning:  Undefined property: stdClass::$mantenimiento in C:\\xampp\\htdocs\\Proyecto-Inventario\\Inventario_php\\index.php on line 95, referer: http://localhost/Proyecto-Inventario/inventario_php/index.php
[Tue Aug 11 19:55:09.468701 2026] [php:warn] [pid 17160:tid 1888] [client ::1:63048] PHP Warning:  Undefined property: stdClass::$NumInventario in C:\\xampp\\htdocs\\Proyecto-Inventario\\Inventario_php\\index.php on line 94, referer: http://localhost/Proyecto-Inventario/inventario_php/index.php
[Tue Aug 11 19:55:09.468701 2026] [php:warn] [pid 17160:tid 1888] [client ::1:63048] PHP Warning:  Undefined property: stdClass::$mantenimiento in C:\\xampp\\htdocs\\Proyecto-Inventario\\Inventario_php\\index.php on line 95, referer: http://localhost/Proyecto-Inventario/inventario_php/index.php
[Tue Aug 11 19:55:09.469708 2026] [php:warn] [pid 17160:tid 1888] [client ::1:63048] PHP Warning:  Undefined property: stdClass::$NumInventario in C:\\xampp\\htdocs\\Proyecto-Inventario\\Inventario_php\\index.php on line 94, referer: http://localhost/Proyecto-Inventario/inventario_php/index.php
[Tue Aug 11 19:55:09.469708 2026] [php:warn] [pid 17160:tid 1888] [client ::1:63048] PHP Warning:  Undefined property: stdClass::$mantenimiento in C:\\xampp\\htdocs\\Proyecto-Inventario\\Inventario_php\\index.php on line 95, referer: http://localhost/Proyecto-Inventario/inventario_php/index.php
[Tue Aug 11 19:55:09.469708 2026] [php:warn] [pid 17160:tid 1888] [client ::1:63048] PHP Warning:  Undefined property: stdClass::$NumInventario in C:\\xampp\\htdocs\\Proyecto-Inventario\\Inventario_php\\index.php on line 94, referer: http://localhost/Proyecto-Inventario/inventario_php/index.php
[Tue Aug 11 19:55:09.470320 2026] [php:warn] [pid 17160:tid 1888] [client ::1:63048] PHP Warning:  Undefined property: stdClass::$mantenimiento in C:\\xampp\\htdocs\\Proyecto-Inventario\\Inventario_php\\index.php on line 95, referer: http://localhost/Proyecto-Inventario/inventario_php/index.php
[Tue Aug 11 19:55:09.470320 2026] [php:warn] [pid 17160:tid 1888] [client ::1:63048] PHP Warning:  Undefined property: stdClass::$NumInventario in C:\\xampp\\htdocs\\Proyecto-Inventario\\Inventario_php\\index.php on line 94, referer: http://localhost/Proyecto-Inventario/inventario_php/index.php
[Tue Aug 11 19:55:09.470826 2026] [php:warn] [pid 17160:tid 1888] [client ::1:63048] PHP Warning:  Undefined property: stdClass::$mantenimiento in C:\\xampp\\htdocs\\Proyecto-Inventario\\Inventario_php\\index.php on line 95, referer: http://localhost/Proyecto-Inventario/inventario_php/index.php
[Tue Aug 11 19:55:09.470826 2026] [php:warn] [pid 17160:tid 1888] [client ::1:63048] PHP Warning:  Undefined property: stdClass::$NumInventario in C:\\xampp\\htdocs\\Proyecto-Inventario\\Inventario_php\\index.php on line 94, referer: http://localhost/Proyecto-Inventario/inventario_php/index.php
[Tue Aug 11 19:55:09.470826 2026] [php:warn] [pid 17160:tid 1888] [client ::1:63048] PHP Warning:  Undefined property: stdClass::$mantenimiento in C:\\xampp\\htdocs\\Proyecto-Inventario\\Inventario_php\\index.php on line 95, referer: http://localhost/Proyecto-Inventario/inventario_php/index.php
[Tue Aug 11 19:55:09.470826 2026] [php:warn] [pid 17160:tid 1888] [client ::1:63048] PHP Warning:  Undefined property: stdClass::$NumInventario in C:\\xampp\\htdocs\\Proyecto-Inventario\\Inventario_php\\index.php on line 94, referer: http://localhost/Proyecto-Inventario/inventario_php/index.php
[Tue Aug 11 19:55:09.471834 2026] [php:warn] [pid 17160:tid 1888] [client ::1:63048] PHP Warning:  Undefined property: stdClass::$mantenimiento in C:\\xampp\\htdocs\\Proyecto-Inventario\\Inventario_php\\index.php on line 95, referer: http://localhost/Proyecto-Inventario/inventario_php/index.php
[Tue Aug 11 19:55:09.472343 2026] [php:warn] [pid 17160:tid 1888] [client ::1:63048] PHP Warning:  Undefined property: stdClass::$NumInventario in C:\\xampp\\htdocs\\Proyecto-Inventario\\Inventario_php\\index.php on line 94, referer: http://localhost/Proyecto-Inventario/inventario_php/index.php
[Tue Aug 11 19:55:09.472343 2026] [php:warn] [pid 17160:tid 1888] [client ::1:63048] PHP Warning:  Undefined property: stdClass::$mantenimiento in C:\\xampp\\htdocs\\Proyecto-Inventario\\Inventario_php\\index.php on line 95, referer: http://localhost/Proyecto-Inventario/inventario_php/index.php
[Tue Aug 11 19:55:09.472343 2026] [php:warn] [pid 17160:tid 1888] [client ::1:63048] PHP Warning:  Undefined property: stdClass::$NumInventario in C:\\xampp\\htdocs\\Proyecto-Inventario\\Inventario_php\\index.php on line 94, referer: http://localhost/Proyecto-Inventario/inventario_php/index.php
[Tue Aug 11 19:55:09.472343 2026] [php:warn] [pid 17160:tid 1888] [client ::1:63048] PHP Warning:  Undefined property: stdClass::$mantenimiento in C:\\xampp\\htdocs\\Proyecto-Inventario\\Inventario_php\\index.php on line 95, referer: http://localhost/Proyecto-Inventario/inventario_php/index.php
[Tue Aug 11 19:55:09.473353 2026] [php:warn] [pid 17160:tid 1888] [client ::1:63048] PHP Warning:  Undefined property: stdClass::$NumInventario in C:\\xampp\\htdocs\\Proyecto-Inventario\\Inventario_php\\index.php on line 94, referer: http://localhost/Proyecto-Inventario/inventario_php/index.php
[Tue Aug 11 19:55:09.473353 2026] [php:warn] [pid 17160:tid 1888] [client ::1:63048] PHP Warning:  Undefined property: stdClass::$mantenimiento in C:\\xampp\\htdocs\\Proyecto-Inventario\\Inventario_php\\index.php on line 95, referer: http://localhost/Proyecto-Inventario/inventario_php/index.php
[Tue Aug 11 19:55:09.473353 2026] [php:warn] [pid 17160:tid 1888] [client ::1:63048] PHP Warning:  Undefined property: stdClass::$NumInventario in C:\\xampp\\htdocs\\Proyecto-Inventario\\Inventario_php\\index.php on line 94, referer: http://localhost/Proyecto-Inventario/inventario_php/index.php
[Tue Aug 11 19:55:09.473353 2026] [php:warn] [pid 17160:tid 1888] [client ::1:63048] PHP Warning:  Undefined property: stdClass::$mantenimiento in C:\\xampp\\htdocs\\Proyecto-Inventario\\Inventario_php\\index.php on line 95, referer: http://localhost/Proyecto-Inventario/inventario_php/index.php
[Tue Aug 11 19:55:09.474354 2026] [php:warn] [pid 17160:tid 1888] [client ::1:63048] PHP Warning:  Undefined property: stdClass::$NumInventario in C:\\xampp\\htdocs\\Proyecto-Inventario\\Inventario_php\\index.php on line 94, referer: http://localhost/Proyecto-Inventario/inventario_php/index.php
[Tue Aug 11 19:55:09.474863 2026] [php:warn] [pid 17160:tid 1888] [client ::1:63048] PHP Warning:  Undefined property: stdClass::$mantenimiento in C:\\xampp\\htdocs\\Proyecto-Inventario\\Inventario_php\\index.php on line 95, referer: http://localhost/Proyecto-Inventario/inventario_php/index.php
[Tue Aug 11 19:55:09.475871 2026] [php:warn] [pid 17160:tid 1888] [client ::1:63048] PHP Warning:  Undefined property: stdClass::$NumInventario in C:\\xampp\\htdocs\\Proyecto-Inventario\\Inventario_php\\index.php on line 94, referer: http://localhost/Proyecto-Inventario/inventario_php/index.php
[Tue Aug 11 19:55:09.477415 2026] [php:warn] [pid 17160:tid 1888] [client ::1:63048] PHP Warning:  Undefined property: stdClass::$mantenimiento in C:\\xampp\\htdocs\\Proyecto-Inventario\\Inventario_php\\index.php on line 95, referer: http://localhost/Proyecto-Inventario/inventario_php/index.php
[Tue Aug 11 19:55:09.477415 2026] [php:warn] [pid 17160:tid 1888] [client ::1:63048] PHP Warning:  Undefined property: stdClass::$NumInventario in C:\\xampp\\htdocs\\Proyecto-Inventario\\Inventario_php\\index.php on line 94, referer: http://localhost/Proyecto-Inventario/inventario_php/index.php
[Tue Aug 11 19:55:09.477415 2026] [php:warn] [pid 17160:tid 1888] [client ::1:63048] PHP Warning:  Undefined property: stdClass::$mantenimiento in C:\\xampp\\htdocs\\Proyecto-Inventario\\Inventario_php\\index.php on line 95, referer: http://localhost/Proyecto-Inventario/inventario_php/index.php
[Tue Aug 11 19:55:09.477415 2026] [php:warn] [pid 17160:tid 1888] [client ::1:63048] PHP Warning:  Undefined property: stdClass::$NumInventario in C:\\xampp\\htdocs\\Proyecto-Inventario\\Inventario_php\\index.php on line 94, referer: http://localhost/Proyecto-Inventario/inventario_php/index.php
[Tue Aug 11 19:55:09.477415 2026] [php:warn] [pid 17160:tid 1888] [client ::1:63048] PHP Warning:  Undefined property: stdClass::$mantenimiento in C:\\xampp\\htdocs\\Proyecto-Inventario\\Inventario_php\\index.php on line 95, referer: http://localhost/Proyecto-Inventario/inventario_php/index.php
[Tue Aug 11 19:55:09.479057 2026] [php:warn] [pid 17160:tid 1888] [client ::1:63048] PHP Warning:  Undefined property: stdClass::$NumInventario in C:\\xampp\\htdocs\\Proyecto-Inventario\\Inventario_php\\index.php on line 94, referer: http://localhost/Proyecto-Inventario/inventario_php/index.php
[Tue Aug 11 19:55:09.479057 2026] [php:warn] [pid 17160:tid 1888] [client ::1:63048] PHP Warning:  Undefined property: stdClass::$mantenimiento in C:\\xampp\\htdocs\\Proyecto-Inventario\\Inventario_php\\index.php on line 95, referer: http://localhost/Proyecto-Inventario/inventario_php/index.php
[Tue Aug 11 19:55:09.479597 2026] [php:warn] [pid 17160:tid 1888] [client ::1:63048] PHP Warning:  Undefined property: stdClass::$NumInventario in C:\\xampp\\htdocs\\Proyecto-Inventario\\Inventario_php\\index.php on line 94, referer: http://localhost/Proyecto-Inventario/inventario_php/index.php
[Tue Aug 11 19:55:09.479597 2026] [php:warn] [pid 17160:tid 1888] [client ::1:63048] PHP Warning:  Undefined property: stdClass::$mantenimiento in C:\\xampp\\htdocs\\Proyecto-Inventario\\Inventario_php\\index.php on line 95, referer: http://localhost/Proyecto-Inventario/inventario_php/index.php
[Tue Aug 11 19:55:09.481655 2026] [php:warn] [pid 17160:tid 1888] [client ::1:63048] PHP Warning:  Undefined property: stdClass::$NumInventario in C:\\xampp\\htdocs\\Proyecto-Inventario\\Inventario_php\\index.php on line 94, referer: http://localhost/Proyecto-Inventario/inventario_php/index.php
[Tue Aug 11 19:55:09.481655 2026] [php:warn] [pid 17160:tid 1888] [client ::1:63048] PHP Warning:  Undefined property: stdClass::$mantenimiento in C:\\xampp\\htdocs\\Proyecto-Inventario\\Inventario_php\\index.php on line 95, referer: http://localhost/Proyecto-Inventario/inventario_php/index.php
[Tue Aug 11 19:55:09.484295 2026] [php:warn] [pid 17160:tid 1888] [client ::1:63048] PHP Warning:  Undefined property: stdClass::$NumInventario in C:\\xampp\\htdocs\\Proyecto-Inventario\\Inventario_php\\index.php on line 94, referer: http://localhost/Proyecto-Inventario/inventario_php/index.php
[Tue Aug 11 19:55:09.485829 2026] [php:warn] [pid 17160:tid 1888] [client ::1:63048] PHP Warning:  Undefined property: stdClass::$mantenimiento in C:\\xampp\\htdocs\\Proyecto-Inventario\\Inventario_php\\index.php on line 95, referer: http://localhost/Proyecto-Inventario/inventario_php/index.php
[Tue Aug 11 19:55:09.488825 2026] [php:warn] [pid 17160:tid 1888] [client ::1:63048] PHP Warning:  Undefined property: stdClass::$NumInventario in C:\\xampp\\htdocs\\Proyecto-Inventario\\Inventario_php\\index.php on line 94, referer: http://localhost/Proyecto-Inventario/inventario_php/index.php
[Tue Aug 11 19:55:09.488825 2026] [php:warn] [pid 17160:tid 1888] [client ::1:63048] PHP Warning:  Undefined property: stdClass::$mantenimiento in C:\\xampp\\htdocs\\Proyecto-Inventario\\Inventario_php\\index.php on line 95, referer: http://localhost/Proyecto-Inventario/inventario_php/index.php
[Tue Aug 11 19:55:09.490386 2026] [php:warn] [pid 17160:tid 1888] [client ::1:63048] PHP Warning:  Undefined property: stdClass::$NumInventario in C:\\xampp\\htdocs\\Proyecto-Inventario\\Inventario_php\\index.php on line 94, referer: http://localhost/Proyecto-Inventario/inventario_php/index.php
[Tue Aug 11 19:55:09.493404 2026] [php:warn] [pid 17160:tid 1888] [client ::1:63048] PHP Warning:  Undefined property: stdClass::$mantenimiento in C:\\xampp\\htdocs\\Proyecto-Inventario\\Inventario_php\\index.php on line 95, referer: http://localhost/Proyecto-Inventario/inventario_php/index.php
[Tue Aug 11 19:55:09.493404 2026] [php:warn] [pid 17160:tid 1888] [client ::1:63048] PHP Warning:  Undefined property: stdClass::$NumInventario in C:\\xampp\\htdocs\\Proyecto-Inventario\\Inventario_php\\index.php on line 94, referer: http://localhost/Proyecto-Inventario/inventario_php/index.php
[Tue Aug 11 19:55:09.494405 2026] [php:warn] [pid 17160:tid 1888] [client ::1:63048] PHP Warning:  Undefined property: stdClass::$mantenimiento in C:\\xampp\\htdocs\\Proyecto-Inventario\\Inventario_php\\index.php on line 95, referer: http://localhost/Proyecto-Inventario/inventario_php/index.php
[Tue Aug 11 19:55:09.495786 2026] [php:warn] [pid 17160:tid 1888] [client ::1:63048] PHP Warning:  Undefined property: stdClass::$NumInventario in C:\\xampp\\htdocs\\Proyecto-Inventario\\Inventario_php\\index.php on line 94, referer: http://localhost/Proyecto-Inventario/inventario_php/index.php
[Tue Aug 11 19:55:09.500784 2026] [php:warn] [pid 17160:tid 1888] [client ::1:63048] PHP Warning:  Undefined property: stdClass::$mantenimiento in C:\\xampp\\htdocs\\Proyecto-Inventario\\Inventario_php\\index.php on line 95, referer: http://localhost/Proyecto-Inventario/inventario_php/index.php
[Tue Aug 11 19:55:09.501783 2026] [php:warn] [pid 17160:tid 1888] [client ::1:63048] PHP Warning:  Undefined property: stdClass::$NumInventario in C:\\xampp\\htdocs\\Proyecto-Inventario\\Inventario_php\\index.php on line 94, referer: http://localhost/Proyecto-Inventario/inventario_php/index.php
[Tue Aug 11 19:55:09.501783 2026] [php:warn] [pid 17160:tid 1888] [client ::1:63048] PHP Warning:  Undefined property: stdClass::$mantenimiento in C:\\xampp\\htdocs\\Proyecto-Inventario\\Inventario_php\\index.php on line 95, referer: http://localhost/Proyecto-Inventario/inventario_php/index.php
[Tue Aug 11 19:55:09.504309 2026] [php:warn] [pid 17160:tid 1888] [client ::1:63048] PHP Warning:  Undefined property: stdClass::$NumInventario in C:\\xampp\\htdocs\\Proyecto-Inventario\\Inventario_php\\index.php on line 94, referer: http://localhost/Proyecto-Inventario/inventario_php/index.php
[Tue Aug 11 19:55:09.505338 2026] [php:warn] [pid 17160:tid 1888] [client ::1:63048] PHP Warning:  Undefined property: stdClass::$mantenimiento in C:\\xampp\\htdocs\\Proyecto-Inventario\\Inventario_php\\index.php on line 95, referer: http://localhost/Proyecto-Inventario/inventario_php/index.php
[Tue Aug 11 19:55:09.510319 2026] [php:warn] [pid 17160:tid 1888] [client ::1:63048] PHP Warning:  Undefined property: stdClass::$NumInventario in C:\\xampp\\htdocs\\Proyecto-Inventario\\Inventario_php\\index.php on line 94, referer: http://localhost/Proyecto-Inventario/inventario_php/index.php
[Tue Aug 11 19:55:09.511340 2026] [php:warn] [pid 17160:tid 1888] [client ::1:63048] PHP Warning:  Undefined property: stdClass::$mantenimiento in C:\\xampp\\htdocs\\Proyecto-Inventario\\Inventario_php\\index.php on line 95, referer: http://localhost/Proyecto-Inventario/inventario_php/index.php
[Tue Aug 11 19:55:09.512339 2026] [php:warn] [pid 17160:tid 1888] [client ::1:63048] PHP Warning:  Undefined property: stdClass::$NumInventario in C:\\xampp\\htdocs\\Proyecto-Inventario\\Inventario_php\\index.php on line 94, referer: http://localhost/Proyecto-Inventario/inventario_php/index.php
[Tue Aug 11 19:55:09.513337 2026] [php:warn] [pid 17160:tid 1888] [client ::1:63048] PHP Warning:  Undefined property: stdClass::$mantenimiento in C:\\xampp\\htdocs\\Proyecto-Inventario\\Inventario_php\\index.php on line 95, referer: http://localhost/Proyecto-Inventario/inventario_php/index.php
[Tue Aug 11 19:55:09.513337 2026] [php:warn] [pid 17160:tid 1888] [client ::1:63048] PHP Warning:  Undefined property: stdClass::$NumInventario in C:\\xampp\\htdocs\\Proyecto-Inventario\\Inventario_php\\index.php on line 94, referer: http://localhost/Proyecto-Inventario/inventario_php/index.php
[Tue Aug 11 19:55:09.518611 2026] [php:warn] [pid 17160:tid 1888] [client ::1:63048] PHP Warning:  Undefined property: stdClass::$mantenimiento in C:\\xampp\\htdocs\\Proyecto-Inventario\\Inventario_php\\index.php on line 95, referer: http://localhost/Proyecto-Inventario/inventario_php/index.php
[Tue Aug 11 19:55:09.519610 2026] [php:warn] [pid 17160:tid 1888] [client ::1:63048] PHP Warning:  Undefined property: stdClass::$NumInventario in C:\\xampp\\htdocs\\Proyecto-Inventario\\Inventario_php\\index.php on line 94, referer: http://localhost/Proyecto-Inventario/inventario_php/index.php
[Tue Aug 11 19:55:09.519610 2026] [php:warn] [pid 17160:tid 1888] [client ::1:63048] PHP Warning:  Undefined property: stdClass::$mantenimiento in C:\\xampp\\htdocs\\Proyecto-Inventario\\Inventario_php\\index.php on line 95, referer: http://localhost/Proyecto-Inventario/inventario_php/index.php
[Tue Aug 11 19:55:09.522591 2026] [php:warn] [pid 17160:tid 1888] [client ::1:63048] PHP Warning:  Undefined property: stdClass::$NumInventario in C:\\xampp\\htdocs\\Proyecto-Inventario\\Inventario_php\\index.php on line 94, referer: http://localhost/Proyecto-Inventario/inventario_php/index.php
[Tue Aug 11 19:55:09.522591 2026] [php:warn] [pid 17160:tid 1888] [client ::1:63048] PHP Warning:  Undefined property: stdClass::$mantenimiento in C:\\xampp\\htdocs\\Proyecto-Inventario\\Inventario_php\\index.php on line 95, referer: http://localhost/Proyecto-Inventario/inventario_php/index.php
[Tue Aug 11 19:55:09.524381 2026] [php:warn] [pid 17160:tid 1888] [client ::1:63048] PHP Warning:  Undefined property: stdClass::$NumInventario in C:\\xampp\\htdocs\\Proyecto-Inventario\\Inventario_php\\index.php on line 94, referer: http://localhost/Proyecto-Inventario/inventario_php/index.php
[Tue Aug 11 19:55:09.525714 2026] [php:warn] [pid 17160:tid 1888] [client ::1:63048] PHP Warning:  Undefined property: stdClass::$mantenimiento in C:\\xampp\\htdocs\\Proyecto-Inventario\\Inventario_php\\index.php on line 95, referer: http://localhost/Proyecto-Inventario/inventario_php/index.php
[Tue Aug 11 19:55:09.525714 2026] [php:warn] [pid 17160:tid 1888] [client ::1:63048] PHP Warning:  Undefined property: stdClass::$NumInventario in C:\\xampp\\htdocs\\Proyecto-Inventario\\Inventario_php\\index.php on line 94, referer: http://localhost/Proyecto-Inventario/inventario_php/index.php
[Tue Aug 11 19:55:09.530749 2026] [php:warn] [pid 17160:tid 1888] [client ::1:63048] PHP Warning:  Undefined property: stdClass::$mantenimiento in C:\\xampp\\htdocs\\Proyecto-Inventario\\Inventario_php\\index.php on line 95, referer: http://localhost/Proyecto-Inventario/inventario_php/index.php
[Tue Aug 11 19:55:09.531692 2026] [php:warn] [pid 17160:tid 1888] [client ::1:63048] PHP Warning:  Undefined property: stdClass::$NumInventario in C:\\xampp\\htdocs\\Proyecto-Inventario\\Inventario_php\\index.php on line 94, referer: http://localhost/Proyecto-Inventario/inventario_php/index.php
[Tue Aug 11 19:55:09.534740 2026] [php:warn] [pid 17160:tid 1888] [client ::1:63048] PHP Warning:  Undefined property: stdClass::$mantenimiento in C:\\xampp\\htdocs\\Proyecto-Inventario\\Inventario_php\\index.php on line 95, referer: http://localhost/Proyecto-Inventario/inventario_php/index.php
[Tue Aug 11 19:55:09.535356 2026] [php:warn] [pid 17160:tid 1888] [client ::1:63048] PHP Warning:  Undefined property: stdClass::$NumInventario in C:\\xampp\\htdocs\\Proyecto-Inventario\\Inventario_php\\index.php on line 94, referer: http://localhost/Proyecto-Inventario/inventario_php/index.php
[Tue Aug 11 19:55:09.536462 2026] [php:warn] [pid 17160:tid 1888] [client ::1:63048] PHP Warning:  Undefined property: stdClass::$mantenimiento in C:\\xampp\\htdocs\\Proyecto-Inventario\\Inventario_php\\index.php on line 95, referer: http://localhost/Proyecto-Inventario/inventario_php/index.php
[Tue Aug 11 19:55:09.540492 2026] [php:warn] [pid 17160:tid 1888] [client ::1:63048] PHP Warning:  Undefined property: stdClass::$NumInventario in C:\\xampp\\htdocs\\Proyecto-Inventario\\Inventario_php\\index.php on line 94, referer: http://localhost/Proyecto-Inventario/inventario_php/index.php
[Tue Aug 11 19:55:09.541472 2026] [php:warn] [pid 17160:tid 1888] [client ::1:63048] PHP Warning:  Undefined property: stdClass::$mantenimiento in C:\\xampp\\htdocs\\Proyecto-Inventario\\Inventario_php\\index.php on line 95, referer: http://localhost/Proyecto-Inventario/inventario_php/index.php
[Tue Aug 11 19:55:09.546989 2026] [php:warn] [pid 17160:tid 1888] [client ::1:63048] PHP Warning:  Undefined property: stdClass::$NumInventario in C:\\xampp\\htdocs\\Proyecto-Inventario\\Inventario_php\\index.php on line 94, referer: http://localhost/Proyecto-Inventario/inventario_php/index.php
[Tue Aug 11 19:55:09.546989 2026] [php:warn] [pid 17160:tid 1888] [client ::1:63048] PHP Warning:  Undefined property: stdClass::$mantenimiento in C:\\xampp\\htdocs\\Proyecto-Inventario\\Inventario_php\\index.php on line 95, referer: http://localhost/Proyecto-Inventario/inventario_php/index.php
[Tue Aug 11 19:55:09.548002 2026] [php:warn] [pid 17160:tid 1888] [client ::1:63048] PHP Warning:  Undefined property: stdClass::$NumInventario in C:\\xampp\\htdocs\\Proyecto-Inventario\\Inventario_php\\index.php on line 94, referer: http://localhost/Proyecto-Inventario/inventario_php/index.php
[Tue Aug 11 19:55:09.550892 2026] [php:warn] [pid 17160:tid 1888] [client ::1:63048] PHP Warning:  Undefined property: stdClass::$mantenimiento in C:\\xampp\\htdocs\\Proyecto-Inventario\\Inventario_php\\index.php on line 95, referer: http://localhost/Proyecto-Inventario/inventario_php/index.php
[Tue Aug 11 19:55:09.551979 2026] [php:warn] [pid 17160:tid 1888] [client ::1:63048] PHP Warning:  Undefined property: stdClass::$NumInventario in C:\\xampp\\htdocs\\Proyecto-Inventario\\Inventario_php\\index.php on line 94, referer: http://localhost/Proyecto-Inventario/inventario_php/index.php
[Tue Aug 11 19:55:09.551979 2026] [php:warn] [pid 17160:tid 1888] [client ::1:63048] PHP Warning:  Undefined property: stdClass::$mantenimiento in C:\\xampp\\htdocs\\Proyecto-Inventario\\Inventario_php\\index.php on line 95, referer: http://localhost/Proyecto-Inventario/inventario_php/index.php
[Tue Aug 11 19:55:09.557648 2026] [php:warn] [pid 17160:tid 1888] [client ::1:63048] PHP Warning:  Undefined property: stdClass::$NumInventario in C:\\xampp\\htdocs\\Proyecto-Inventario\\Inventario_php\\index.php on line 94, referer: http://localhost/Proyecto-Inventario/inventario_php/index.php
[Tue Aug 11 19:55:09.558645 2026] [php:warn] [pid 17160:tid 1888] [client ::1:63048] PHP Warning:  Undefined property: stdClass::$mantenimiento in C:\\xampp\\htdocs\\Proyecto-Inventario\\Inventario_php\\index.php on line 95, referer: http://localhost/Proyecto-Inventario/inventario_php/index.php
[Tue Aug 11 19:55:09.560766 2026] [php:warn] [pid 17160:tid 1888] [client ::1:63048] PHP Warning:  Undefined property: stdClass::$NumInventario in C:\\xampp\\htdocs\\Proyecto-Inventario\\Inventario_php\\index.php on line 94, referer: http://localhost/Proyecto-Inventario/inventario_php/index.php
[Tue Aug 11 19:55:09.561761 2026] [php:warn] [pid 17160:tid 1888] [client ::1:63048] PHP Warning:  Undefined property: stdClass::$mantenimiento in C:\\xampp\\htdocs\\Proyecto-Inventario\\Inventario_php\\index.php on line 95, referer: http://localhost/Proyecto-Inventario/inventario_php/index.php
[Tue Aug 11 19:55:09.564362 2026] [php:warn] [pid 17160:tid 1888] [client ::1:63048] PHP Warning:  Undefined property: stdClass::$NumInventario in C:\\xampp\\htdocs\\Proyecto-Inventario\\Inventario_php\\index.php on line 94, referer: http://localhost/Proyecto-Inventario/inventario_php/index.php
[Tue Aug 11 19:55:09.565371 2026] [php:warn] [pid 17160:tid 1888] [client ::1:63048] PHP Warning:  Undefined property: stdClass::$mantenimiento in C:\\xampp\\htdocs\\Proyecto-Inventario\\Inventario_php\\index.php on line 95, referer: http://localhost/Proyecto-Inventario/inventario_php/index.php
[Tue Aug 11 19:55:09.566469 2026] [php:warn] [pid 17160:tid 1888] [client ::1:63048] PHP Warning:  Undefined property: stdClass::$NumInventario in C:\\xampp\\htdocs\\Proyecto-Inventario\\Inventario_php\\index.php on line 94, referer: http://localhost/Proyecto-Inventario/inventario_php/index.php
[Tue Aug 11 19:55:09.566469 2026] [php:warn] [pid 17160:tid 1888] [client ::1:63048] PHP Warning:  Undefined property: stdClass::$mantenimiento in C:\\xampp\\htdocs\\Proyecto-Inventario\\Inventario_php\\index.php on line 95, referer: http://localhost/Proyecto-Inventario/inventario_php/index.php
[Tue Aug 11 19:55:09.572374 2026] [php:warn] [pid 17160:tid 1888] [client ::1:63048] PHP Warning:  Undefined property: stdClass::$NumInventario in C:\\xampp\\htdocs\\Proyecto-Inventario\\Inventario_php\\index.php on line 94, referer: http://localhost/Proyecto-Inventario/inventario_php/index.php
[Tue Aug 11 19:55:09.572374 2026] [php:warn] [pid 17160:tid 1888] [client ::1:63048] PHP Warning:  Undefined property: stdClass::$mantenimiento in C:\\xampp\\htdocs\\Proyecto-Inventario\\Inventario_php\\index.php on line 95, referer: http://localhost/Proyecto-Inventario/inventario_php/index.php
[Tue Aug 11 19:55:09.573372 2026] [php:warn] [pid 17160:tid 1888] [client ::1:63048] PHP Warning:  Undefined property: stdClass::$NumInventario in C:\\xampp\\htdocs\\Proyecto-Inventario\\Inventario_php\\index.php on line 94, referer: http://localhost/Proyecto-Inventario/inventario_php/index.php
[Tue Aug 11 19:55:09.574371 2026] [php:warn] [pid 17160:tid 1888] [client ::1:63048] PHP Warning:  Undefined property: stdClass::$mantenimiento in C:\\xampp\\htdocs\\Proyecto-Inventario\\Inventario_php\\index.php on line 95, referer: http://localhost/Proyecto-Inventario/inventario_php/index.php
[Tue Aug 11 19:55:09.574371 2026] [php:warn] [pid 17160:tid 1888] [client ::1:63048] PHP Warning:  Undefined property: stdClass::$NumInventario in C:\\xampp\\htdocs\\Proyecto-Inventario\\Inventario_php\\index.php on line 94, referer: http://localhost/Proyecto-Inventario/inventario_php/index.php
[Tue Aug 11 19:55:09.574879 2026] [php:warn] [pid 17160:tid 1888] [client ::1:63048] PHP Warning:  Undefined property: stdClass::$mantenimiento in C:\\xampp\\htdocs\\Proyecto-Inventario\\Inventario_php\\index.php on line 95, referer: http://localhost/Proyecto-Inventario/inventario_php/index.php
[Tue Aug 11 19:55:09.574879 2026] [php:warn] [pid 17160:tid 1888] [client ::1:63048] PHP Warning:  Undefined property: stdClass::$NumInventario in C:\\xampp\\htdocs\\Proyecto-Inventario\\Inventario_php\\index.php on line 94, referer: http://localhost/Proyecto-Inventario/inventario_php/index.php
[Tue Aug 11 19:55:09.575890 2026] [php:warn] [pid 17160:tid 1888] [client ::1:63048] PHP Warning:  Undefined property: stdClass::$mantenimiento in C:\\xampp\\htdocs\\Proyecto-Inventario\\Inventario_php\\index.php on line 95, referer: http://localhost/Proyecto-Inventario/inventario_php/index.php
[Tue Aug 11 19:55:09.575890 2026] [php:warn] [pid 17160:tid 1888] [client ::1:63048] PHP Warning:  Undefined property: stdClass::$NumInventario in C:\\xampp\\htdocs\\Proyecto-Inventario\\Inventario_php\\index.php on line 94, referer: http://localhost/Proyecto-Inventario/inventario_php/index.php
[Tue Aug 11 19:55:09.575890 2026] [php:warn] [pid 17160:tid 1888] [client ::1:63048] PHP Warning:  Undefined property: stdClass::$mantenimiento in C:\\xampp\\htdocs\\Proyecto-Inventario\\Inventario_php\\index.php on line 95, referer: http://localhost/Proyecto-Inventario/inventario_php/index.php
[Tue Aug 11 19:55:09.576900 2026] [php:warn] [pid 17160:tid 1888] [client ::1:63048] PHP Warning:  Undefined property: stdClass::$NumInventario in C:\\xampp\\htdocs\\Proyecto-Inventario\\Inventario_php\\index.php on line 94, referer: http://localhost/Proyecto-Inventario/inventario_php/index.php
[Tue Aug 11 19:55:09.576900 2026] [php:warn] [pid 17160:tid 1888] [client ::1:63048] PHP Warning:  Undefined property: stdClass::$mantenimiento in C:\\xampp\\htdocs\\Proyecto-Inventario\\Inventario_php\\index.php on line 95, referer: http://localhost/Proyecto-Inventario/inventario_php/index.php
[Tue Aug 11 19:55:09.576900 2026] [php:warn] [pid 17160:tid 1888] [client ::1:63048] PHP Warning:  Undefined property: stdClass::$NumInventario in C:\\xampp\\htdocs\\Proyecto-Inventario\\Inventario_php\\index.php on line 94, referer: http://localhost/Proyecto-Inventario/inventario_php/index.php
[Tue Aug 11 19:55:09.577907 2026] [php:warn] [pid 17160:tid 1888] [client ::1:63048] PHP Warning:  Undefined property: stdClass::$mantenimiento in C:\\xampp\\htdocs\\Proyecto-Inventario\\Inventario_php\\index.php on line 95, referer: http://localhost/Proyecto-Inventario/inventario_php/index.php
[Tue Aug 11 19:55:09.577907 2026] [php:warn] [pid 17160:tid 1888] [client ::1:63048] PHP Warning:  Undefined property: stdClass::$NumInventario in C:\\xampp\\htdocs\\Proyecto-Inventario\\Inventario_php\\index.php on line 94, referer: http://localhost/Proyecto-Inventario/inventario_php/index.php
[Tue Aug 11 19:55:09.577907 2026] [php:warn] [pid 17160:tid 1888] [client ::1:63048] PHP Warning:  Undefined property: stdClass::$mantenimiento in C:\\xampp\\htdocs\\Proyecto-Inventario\\Inventario_php\\index.php on line 95, referer: http://localhost/Proyecto-Inventario/inventario_php/index.php
[Tue Aug 11 19:55:09.577907 2026] [php:warn] [pid 17160:tid 1888] [client ::1:63048] PHP Warning:  Undefined property: stdClass::$NumInventario in C:\\xampp\\htdocs\\Proyecto-Inventario\\Inventario_php\\index.php on line 94, referer: http://localhost/Proyecto-Inventario/inventario_php/index.php
[Tue Aug 11 19:55:09.578899 2026] [php:warn] [pid 17160:tid 1888] [client ::1:63048] PHP Warning:  Undefined property: stdClass::$mantenimiento in C:\\xampp\\htdocs\\Proyecto-Inventario\\Inventario_php\\index.php on line 95, referer: http://localhost/Proyecto-Inventario/inventario_php/index.php
[Tue Aug 11 19:55:09.578899 2026] [php:warn] [pid 17160:tid 1888] [client ::1:63048] PHP Warning:  Undefined property: stdClass::$NumInventario in C:\\xampp\\htdocs\\Proyecto-Inventario\\Inventario_php\\index.php on line 94, referer: http://localhost/Proyecto-Inventario/inventario_php/index.php
[Tue Aug 11 19:55:09.579406 2026] [php:warn] [pid 17160:tid 1888] [client ::1:63048] PHP Warning:  Undefined property: stdClass::$mantenimiento in C:\\xampp\\htdocs\\Proyecto-Inventario\\Inventario_php\\index.php on line 95, referer: http://localhost/Proyecto-Inventario/inventario_php/index.php
[Tue Aug 11 19:55:09.579406 2026] [php:warn] [pid 17160:tid 1888] [client ::1:63048] PHP Warning:  Undefined property: stdClass::$NumInventario in C:\\xampp\\htdocs\\Proyecto-Inventario\\Inventario_php\\index.php on line 94, referer: http://localhost/Proyecto-Inventario/inventario_php/index.php
[Tue Aug 11 19:55:09.579406 2026] [php:warn] [pid 17160:tid 1888] [client ::1:63048] PHP Warning:  Undefined property: stdClass::$mantenimiento in C:\\xampp\\htdocs\\Proyecto-Inventario\\Inventario_php\\index.php on line 95, referer: http://localhost/Proyecto-Inventario/inventario_php/index.php
[Tue Aug 11 19:55:09.580414 2026] [php:warn] [pid 17160:tid 1888] [client ::1:63048] PHP Warning:  Undefined property: stdClass::$NumInventario in C:\\xampp\\htdocs\\Proyecto-Inventario\\Inventario_php\\index.php on line 94, referer: http://localhost/Proyecto-Inventario/inventario_php/index.php
[Tue Aug 11 19:55:09.581414 2026] [php:warn] [pid 17160:tid 1888] [client ::1:63048] PHP Warning:  Undefined property: stdClass::$mantenimiento in C:\\xampp\\htdocs\\Proyecto-Inventario\\Inventario_php\\index.php on line 95, referer: http://localhost/Proyecto-Inventario/inventario_php/index.php
[Tue Aug 11 19:55:09.582415 2026] [php:warn] [pid 17160:tid 1888] [client ::1:63048] PHP Warning:  Undefined property: stdClass::$NumInventario in C:\\xampp\\htdocs\\Proyecto-Inventario\\Inventario_php\\index.php on line 94, referer: http://localhost/Proyecto-Inventario/inventario_php/index.php
[Tue Aug 11 19:55:09.582415 2026] [php:warn] [pid 17160:tid 1888] [client ::1:63048] PHP Warning:  Undefined property: stdClass::$mantenimiento in C:\\xampp\\htdocs\\Proyecto-Inventario\\Inventario_php\\index.php on line 95, referer: http://localhost/Proyecto-Inventario/inventario_php/index.php
[Tue Aug 11 19:55:09.583423 2026] [php:warn] [pid 17160:tid 1888] [client ::1:63048] PHP Warning:  Undefined property: stdClass::$NumInventario in C:\\xampp\\htdocs\\Proyecto-Inventario\\Inventario_php\\index.php on line 94, referer: http://localhost/Proyecto-Inventario/inventario_php/index.php
[Tue Aug 11 19:55:09.583423 2026] [php:warn] [pid 17160:tid 1888] [client ::1:63048] PHP Warning:  Undefined property: stdClass::$mantenimiento in C:\\xampp\\htdocs\\Proyecto-Inventario\\Inventario_php\\index.php on line 95, referer: http://localhost/Proyecto-Inventario/inventario_php/index.php
[Tue Aug 11 19:55:09.583423 2026] [php:warn] [pid 17160:tid 1888] [client ::1:63048] PHP Warning:  Undefined property: stdClass::$NumInventario in C:\\xampp\\htdocs\\Proyecto-Inventario\\Inventario_php\\index.php on line 94, referer: http://localhost/Proyecto-Inventario/inventario_php/index.php
[Tue Aug 11 19:55:09.584416 2026] [php:warn] [pid 17160:tid 1888] [client ::1:63048] PHP Warning:  Undefined property: stdClass::$mantenimiento in C:\\xampp\\htdocs\\Proyecto-Inventario\\Inventario_php\\index.php on line 95, referer: http://localhost/Proyecto-Inventario/inventario_php/index.php
[Tue Aug 11 19:55:09.584924 2026] [php:warn] [pid 17160:tid 1888] [client ::1:63048] PHP Warning:  Undefined property: stdClass::$NumInventario in C:\\xampp\\htdocs\\Proyecto-Inventario\\Inventario_php\\index.php on line 94, referer: http://localhost/Proyecto-Inventario/inventario_php/index.php
[Tue Aug 11 19:55:09.587611 2026] [php:warn] [pid 17160:tid 1888] [client ::1:63048] PHP Warning:  Undefined property: stdClass::$mantenimiento in C:\\xampp\\htdocs\\Proyecto-Inventario\\Inventario_php\\index.php on line 95, referer: http://localhost/Proyecto-Inventario/inventario_php/index.php
[Tue Aug 11 19:55:09.587611 2026] [php:warn] [pid 17160:tid 1888] [client ::1:63048] PHP Warning:  Undefined property: stdClass::$NumInventario in C:\\xampp\\htdocs\\Proyecto-Inventario\\Inventario_php\\index.php on line 94, referer: http://localhost/Proyecto-Inventario/inventario_php/index.php
[Tue Aug 11 19:55:09.588610 2026] [php:warn] [pid 17160:tid 1888] [client ::1:63048] PHP Warning:  Undefined property: stdClass::$mantenimiento in C:\\xampp\\htdocs\\Proyecto-Inventario\\Inventario_php\\index.php on line 95, referer: http://localhost/Proyecto-Inventario/inventario_php/index.php
[Tue Aug 11 19:55:09.588610 2026] [php:warn] [pid 17160:tid 1888] [client ::1:63048] PHP Warning:  Undefined property: stdClass::$NumInventario in C:\\xampp\\htdocs\\Proyecto-Inventario\\Inventario_php\\index.php on line 94, referer: http://localhost/Proyecto-Inventario/inventario_php/index.php
[Tue Aug 11 19:55:09.588610 2026] [php:warn] [pid 17160:tid 1888] [client ::1:63048] PHP Warning:  Undefined property: stdClass::$mantenimiento in C:\\xampp\\htdocs\\Proyecto-Inventario\\Inventario_php\\index.php on line 95, referer: http://localhost/Proyecto-Inventario/inventario_php/index.php
[Tue Aug 11 19:55:09.588610 2026] [php:warn] [pid 17160:tid 1888] [client ::1:63048] PHP Warning:  Undefined property: stdClass::$NumInventario in C:\\xampp\\htdocs\\Proyecto-Inventario\\Inventario_php\\index.php on line 94, referer: http://localhost/Proyecto-Inventario/inventario_php/index.php
[Tue Aug 11 19:55:09.588610 2026] [php:warn] [pid 17160:tid 1888] [client ::1:63048] PHP Warning:  Undefined property: stdClass::$mantenimiento in C:\\xampp\\htdocs\\Proyecto-Inventario\\Inventario_php\\index.php on line 95, referer: http://localhost/Proyecto-Inventario/inventario_php/index.php
[Tue Aug 11 19:55:09.590118 2026] [php:warn] [pid 17160:tid 1888] [client ::1:63048] PHP Warning:  Undefined property: stdClass::$NumInventario in C:\\xampp\\htdocs\\Proyecto-Inventario\\Inventario_php\\index.php on line 94, referer: http://localhost/Proyecto-Inventario/inventario_php/index.php
[Tue Aug 11 19:55:09.590118 2026] [php:warn] [pid 17160:tid 1888] [client ::1:63048] PHP Warning:  Undefined property: stdClass::$mantenimiento in C:\\xampp\\htdocs\\Proyecto-Inventario\\Inventario_php\\index.php on line 95, referer: http://localhost/Proyecto-Inventario/inventario_php/index.php
[Tue Aug 11 19:55:09.591127 2026] [php:warn] [pid 17160:tid 1888] [client ::1:63048] PHP Warning:  Undefined property: stdClass::$NumInventario in C:\\xampp\\htdocs\\Proyecto-Inventario\\Inventario_php\\index.php on line 94, referer: http://localhost/Proyecto-Inventario/inventario_php/index.php
[Tue Aug 11 19:55:09.594652 2026] [php:warn] [pid 17160:tid 1888] [client ::1:63048] PHP Warning:  Undefined property: stdClass::$mantenimiento in C:\\xampp\\htdocs\\Proyecto-Inventario\\Inventario_php\\index.php on line 95, referer: http://localhost/Proyecto-Inventario/inventario_php/index.php
[Tue Aug 11 19:55:09.594652 2026] [php:warn] [pid 17160:tid 1888] [client ::1:63048] PHP Warning:  Undefined property: stdClass::$NumInventario in C:\\xampp\\htdocs\\Proyecto-Inventario\\Inventario_php\\index.php on line 94, referer: http://localhost/Proyecto-Inventario/inventario_php/index.php
[Tue Aug 11 19:55:09.595664 2026] [php:warn] [pid 17160:tid 1888] [client ::1:63048] PHP Warning:  Undefined property: stdClass::$mantenimiento in C:\\xampp\\htdocs\\Proyecto-Inventario\\Inventario_php\\index.php on line 95, referer: http://localhost/Proyecto-Inventario/inventario_php/index.php
[Tue Aug 11 19:55:09.595664 2026] [php:warn] [pid 17160:tid 1888] [client ::1:63048] PHP Warning:  Undefined property: stdClass::$NumInventario in C:\\xampp\\htdocs\\Proyecto-Inventario\\Inventario_php\\index.php on line 94, referer: http://localhost/Proyecto-Inventario/inventario_php/index.php
[Tue Aug 11 19:55:09.595664 2026] [php:warn] [pid 17160:tid 1888] [client ::1:63048] PHP Warning:  Undefined property: stdClass::$mantenimiento in C:\\xampp\\htdocs\\Proyecto-Inventario\\Inventario_php\\index.php on line 95, referer: http://localhost/Proyecto-Inventario/inventario_php/index.php
[Tue Aug 11 19:55:09.596675 2026] [php:warn] [pid 17160:tid 1888] [client ::1:63048] PHP Warning:  Undefined property: stdClass::$NumInventario in C:\\xampp\\htdocs\\Proyecto-Inventario\\Inventario_php\\index.php on line 94, referer: http://localhost/Proyecto-Inventario/inventario_php/index.php
[Tue Aug 11 19:55:09.596675 2026] [php:warn] [pid 17160:tid 1888] [client ::1:63048] PHP Warning:  Undefined property: stdClass::$mantenimiento in C:\\xampp\\htdocs\\Proyecto-Inventario\\Inventario_php\\index.php on line 95, referer: http://localhost/Proyecto-Inventario/inventario_php/index.php
[Tue Aug 11 19:55:09.596675 2026] [php:warn] [pid 17160:tid 1888] [client ::1:63048] PHP Warning:  Undefined property: stdClass::$NumInventario in C:\\xampp\\htdocs\\Proyecto-Inventario\\Inventario_php\\index.php on line 94, referer: http://localhost/Proyecto-Inventario/inventario_php/index.php
[Tue Aug 11 19:55:09.601015 2026] [php:warn] [pid 17160:tid 1888] [client ::1:63048] PHP Warning:  Undefined property: stdClass::$mantenimiento in C:\\xampp\\htdocs\\Proyecto-Inventario\\Inventario_php\\index.php on line 95, referer: http://localhost/Proyecto-Inventario/inventario_php/index.php
[Tue Aug 11 19:55:09.601015 2026] [php:warn] [pid 17160:tid 1888] [client ::1:63048] PHP Warning:  Undefined property: stdClass::$NumInventario in C:\\xampp\\htdocs\\Proyecto-Inventario\\Inventario_php\\index.php on line 94, referer: http://localhost/Proyecto-Inventario/inventario_php/index.php
[Tue Aug 11 19:55:09.602015 2026] [php:warn] [pid 17160:tid 1888] [client ::1:63048] PHP Warning:  Undefined property: stdClass::$mantenimiento in C:\\xampp\\htdocs\\Proyecto-Inventario\\Inventario_php\\index.php on line 95, referer: http://localhost/Proyecto-Inventario/inventario_php/index.php
[Tue Aug 11 19:55:09.602015 2026] [php:warn] [pid 17160:tid 1888] [client ::1:63048] PHP Warning:  Undefined property: stdClass::$NumInventario in C:\\xampp\\htdocs\\Proyecto-Inventario\\Inventario_php\\index.php on line 94, referer: http://localhost/Proyecto-Inventario/inventario_php/index.php
[Tue Aug 11 19:55:09.602015 2026] [php:warn] [pid 17160:tid 1888] [client ::1:63048] PHP Warning:  Undefined property: stdClass::$mantenimiento in C:\\xampp\\htdocs\\Proyecto-Inventario\\Inventario_php\\index.php on line 95, referer: http://localhost/Proyecto-Inventario/inventario_php/index.php
[Tue Aug 11 19:55:09.602015 2026] [php:warn] [pid 17160:tid 1888] [client ::1:63048] PHP Warning:  Undefined property: stdClass::$NumInventario in C:\\xampp\\htdocs\\Proyecto-Inventario\\Inventario_php\\index.php on line 94, referer: http://localhost/Proyecto-Inventario/inventario_php/index.php
[Tue Aug 11 19:55:09.603016 2026] [php:warn] [pid 17160:tid 1888] [client ::1:63048] PHP Warning:  Undefined property: stdClass::$mantenimiento in C:\\xampp\\htdocs\\Proyecto-Inventario\\Inventario_php\\index.php on line 95, referer: http://localhost/Proyecto-Inventario/inventario_php/index.php
[Tue Aug 11 19:55:09.603016 2026] [php:warn] [pid 17160:tid 1888] [client ::1:63048] PHP Warning:  Undefined property: stdClass::$NumInventario in C:\\xampp\\htdocs\\Proyecto-Inventario\\Inventario_php\\index.php on line 94, referer: http://localhost/Proyecto-Inventario/inventario_php/index.php
[Tue Aug 11 19:55:09.604524 2026] [php:warn] [pid 17160:tid 1888] [client ::1:63048] PHP Warning:  Undefined property: stdClass::$mantenimiento in C:\\xampp\\htdocs\\Proyecto-Inventario\\Inventario_php\\index.php on line 95, referer: http://localhost/Proyecto-Inventario/inventario_php/index.php
[Tue Aug 11 19:55:09.604524 2026] [php:warn] [pid 17160:tid 1888] [client ::1:63048] PHP Warning:  Undefined property: stdClass::$NumInventario in C:\\xampp\\htdocs\\Proyecto-Inventario\\Inventario_php\\index.php on line 94, referer: http://localhost/Proyecto-Inventario/inventario_php/index.php
[Tue Aug 11 19:55:09.604524 2026] [php:warn] [pid 17160:tid 1888] [client ::1:63048] PHP Warning:  Undefined property: stdClass::$mantenimiento in C:\\xampp\\htdocs\\Proyecto-Inventario\\Inventario_php\\index.php on line 95, referer: http://localhost/Proyecto-Inventario/inventario_php/index.php
[Tue Aug 11 19:55:09.605532 2026] [php:warn] [pid 17160:tid 1888] [client ::1:63048] PHP Warning:  Undefined property: stdClass::$NumInventario in C:\\xampp\\htdocs\\Proyecto-Inventario\\Inventario_php\\index.php on line 94, referer: http://localhost/Proyecto-Inventario/inventario_php/index.php
[Tue Aug 11 19:55:09.605532 2026] [php:warn] [pid 17160:tid 1888] [client ::1:63048] PHP Warning:  Undefined property: stdClass::$mantenimiento in C:\\xampp\\htdocs\\Proyecto-Inventario\\Inventario_php\\index.php on line 95, referer: http://localhost/Proyecto-Inventario/inventario_php/index.php
[Tue Aug 11 19:55:09.606539 2026] [php:warn] [pid 17160:tid 1888] [client ::1:63048] PHP Warning:  Undefined property: stdClass::$NumInventario in C:\\xampp\\htdocs\\Proyecto-Inventario\\Inventario_php\\index.php on line 94, referer: http://localhost/Proyecto-Inventario/inventario_php/index.php
[Tue Aug 11 19:55:09.606539 2026] [php:warn] [pid 17160:tid 1888] [client ::1:63048] PHP Warning:  Undefined property: stdClass::$mantenimiento in C:\\xampp\\htdocs\\Proyecto-Inventario\\Inventario_php\\index.php on line 95, referer: http://localhost/Proyecto-Inventario/inventario_php/index.php
[Tue Aug 11 19:55:09.607571 2026] [php:warn] [pid 17160:tid 1888] [client ::1:63048] PHP Warning:  Undefined property: stdClass::$NumInventario in C:\\xampp\\htdocs\\Proyecto-Inventario\\Inventario_php\\index.php on line 94, referer: http://localhost/Proyecto-Inventario/inventario_php/index.php
[Tue Aug 11 19:55:09.607571 2026] [php:warn] [pid 17160:tid 1888] [client ::1:63048] PHP Warning:  Undefined property: stdClass::$mantenimiento in C:\\xampp\\htdocs\\Proyecto-Inventario\\Inventario_php\\index.php on line 95, referer: http://localhost/Proyecto-Inventario/inventario_php/index.php
[Tue Aug 11 19:55:09.608582 2026] [php:warn] [pid 17160:tid 1888] [client ::1:63048] PHP Warning:  Undefined property: stdClass::$NumInventario in C:\\xampp\\htdocs\\Proyecto-Inventario\\Inventario_php\\index.php on line 94, referer: http://localhost/Proyecto-Inventario/inventario_php/index.php
[Tue Aug 11 19:55:09.608582 2026] [php:warn] [pid 17160:tid 1888] [client ::1:63048] PHP Warning:  Undefined property: stdClass::$mantenimiento in C:\\xampp\\htdocs\\Proyecto-Inventario\\Inventario_php\\index.php on line 95, referer: http://localhost/Proyecto-Inventario/inventario_php/index.php
[Tue Aug 11 19:55:09.608582 2026] [php:warn] [pid 17160:tid 1888] [client ::1:63048] PHP Warning:  Undefined property: stdClass::$NumInventario in C:\\xampp\\htdocs\\Proyecto-Inventario\\Inventario_php\\index.php on line 94, referer: http://localhost/Proyecto-Inventario/inventario_php/index.php
[Tue Aug 11 19:55:09.608582 2026] [php:warn] [pid 17160:tid 1888] [client ::1:63048] PHP Warning:  Undefined property: stdClass::$mantenimiento in C:\\xampp\\htdocs\\Proyecto-Inventario\\Inventario_php\\index.php on line 95, referer: http://localhost/Proyecto-Inventario/inventario_php/index.php
[Tue Aug 11 19:55:09.609704 2026] [php:warn] [pid 17160:tid 1888] [client ::1:63048] PHP Warning:  Undefined property: stdClass::$NumInventario in C:\\xampp\\htdocs\\Proyecto-Inventario\\Inventario_php\\index.php on line 94, referer: http://localhost/Proyecto-Inventario/inventario_php/index.php
[Tue Aug 11 19:55:09.609704 2026] [php:warn] [pid 17160:tid 1888] [client ::1:63048] PHP Warning:  Undefined property: stdClass::$mantenimiento in C:\\xampp\\htdocs\\Proyecto-Inventario\\Inventario_php\\index.php on line 95, referer: http://localhost/Proyecto-Inventario/inventario_php/index.php
[Tue Aug 11 19:55:09.609704 2026] [php:warn] [pid 17160:tid 1888] [client ::1:63048] PHP Warning:  Undefined property: stdClass::$NumInventario in C:\\xampp\\htdocs\\Proyecto-Inventario\\Inventario_php\\index.php on line 94, referer: http://localhost/Proyecto-Inventario/inventario_php/index.php
[Tue Aug 11 19:55:09.610597 2026] [php:warn] [pid 17160:tid 1888] [client ::1:63048] PHP Warning:  Undefined property: stdClass::$mantenimiento in C:\\xampp\\htdocs\\Proyecto-Inventario\\Inventario_php\\index.php on line 95, referer: http://localhost/Proyecto-Inventario/inventario_php/index.php
[Tue Aug 11 19:55:09.610597 2026] [php:warn] [pid 17160:tid 1888] [client ::1:63048] PHP Warning:  Undefined property: stdClass::$NumInventario in C:\\xampp\\htdocs\\Proyecto-Inventario\\Inventario_php\\index.php on line 94, referer: http://localhost/Proyecto-Inventario/inventario_php/index.php
[Tue Aug 11 19:55:09.611714 2026] [php:warn] [pid 17160:tid 1888] [client ::1:63048] PHP Warning:  Undefined property: stdClass::$mantenimiento in C:\\xampp\\htdocs\\Proyecto-Inventario\\Inventario_php\\index.php on line 95, referer: http://localhost/Proyecto-Inventario/inventario_php/index.php
[Tue Aug 11 19:55:09.611714 2026] [php:warn] [pid 17160:tid 1888] [client ::1:63048] PHP Warning:  Undefined property: stdClass::$NumInventario in C:\\xampp\\htdocs\\Proyecto-Inventario\\Inventario_php\\index.php on line 94, referer: http://localhost/Proyecto-Inventario/inventario_php/index.php
[Tue Aug 11 19:55:09.611714 2026] [php:warn] [pid 17160:tid 1888] [client ::1:63048] PHP Warning:  Undefined property: stdClass::$mantenimiento in C:\\xampp\\htdocs\\Proyecto-Inventario\\Inventario_php\\index.php on line 95, referer: http://localhost/Proyecto-Inventario/inventario_php/index.php
[Tue Aug 11 19:55:09.611714 2026] [php:warn] [pid 17160:tid 1888] [client ::1:63048] PHP Warning:  Undefined property: stdClass::$NumInventario in C:\\xampp\\htdocs\\Proyecto-Inventario\\Inventario_php\\index.php on line 94, referer: http://localhost/Proyecto-Inventario/inventario_php/index.php
[Tue Aug 11 19:55:09.612606 2026] [php:warn] [pid 17160:tid 1888] [client ::1:63048] PHP Warning:  Undefined property: stdClass::$mantenimiento in C:\\xampp\\htdocs\\Proyecto-Inventario\\Inventario_php\\index.php on line 95, referer: http://localhost/Proyecto-Inventario/inventario_php/index.php
[Tue Aug 11 19:55:09.612606 2026] [php:warn] [pid 17160:tid 1888] [client ::1:63048] PHP Warning:  Undefined property: stdClass::$NumInventario in C:\\xampp\\htdocs\\Proyecto-Inventario\\Inventario_php\\index.php on line 94, referer: http://localhost/Proyecto-Inventario/inventario_php/index.php
[Tue Aug 11 19:55:09.612606 2026] [php:warn] [pid 17160:tid 1888] [client ::1:63048] PHP Warning:  Undefined property: stdClass::$mantenimiento in C:\\xampp\\htdocs\\Proyecto-Inventario\\Inventario_php\\index.php on line 95, referer: http://localhost/Proyecto-Inventario/inventario_php/index.php
[Tue Aug 11 19:55:09.613593 2026] [php:warn] [pid 17160:tid 1888] [client ::1:63048] PHP Warning:  Undefined property: stdClass::$NumInventario in C:\\xampp\\htdocs\\Proyecto-Inventario\\Inventario_php\\index.php on line 94, referer: http://localhost/Proyecto-Inventario/inventario_php/index.php
[Tue Aug 11 19:55:09.614592 2026] [php:warn] [pid 17160:tid 1888] [client ::1:63048] PHP Warning:  Undefined property: stdClass::$mantenimiento in C:\\xampp\\htdocs\\Proyecto-Inventario\\Inventario_php\\index.php on line 95, referer: http://localhost/Proyecto-Inventario/inventario_php/index.php
[Tue Aug 11 23:44:26.926402 2026] [php:error] [pid 17160:tid 1904] [client ::1:59148] PHP Fatal error:  Uncaught mysqli_sql_exception: Unknown column 'No_Serie' in 'field list' in C:\\xampp\\htdocs\\Proyecto-Inventario\\Inventario_php\\controlador\\Registro.php:25\nStack trace:\n#0 C:\\xampp\\htdocs\\Proyecto-Inventario\\Inventario_php\\controlador\\Registro.php(25): mysqli->query('INSERT INTO inv...')\n#1 C:\\xampp\\htdocs\\Proyecto-Inventario\\Inventario_php\\index.php(22): include('C:\\\\xampp\\\\htdocs...')\n#2 {main}\n  thrown in C:\\xampp\\htdocs\\Proyecto-Inventario\\Inventario_php\\controlador\\Registro.php on line 25, referer: http://localhost/Proyecto-Inventario/inventario_php/index.php
[Wed Aug 12 00:02:04.892046 2026] [php:error] [pid 17160:tid 1932] [client ::1:63702] PHP Fatal error:  Uncaught mysqli_sql_exception: Unknown database 'inventario_php' in C:\\xampp\\htdocs\\Proyecto-Inventario\\Inventario_php\\modelo\\conexion.php:2\nStack trace:\n#0 C:\\xampp\\htdocs\\Proyecto-Inventario\\Inventario_php\\modelo\\conexion.php(2): mysqli->__construct('localhost', 'root', Object(SensitiveParameterValue), 'inventario_php')\n#1 C:\\xampp\\htdocs\\Proyecto-Inventario\\Inventario_php\\index.php(21): include('C:\\\\xampp\\\\htdocs...')\n#2 {main}\n  thrown in C:\\xampp\\htdocs\\Proyecto-Inventario\\Inventario_php\\modelo\\conexion.php on line 2, referer: http://localhost/Proyecto-Inventario/inventario_php/index.php
[Wed Aug 12 00:02:07.473885 2026] [php:error] [pid 17160:tid 1932] [client ::1:63702] PHP Fatal error:  Uncaught mysqli_sql_exception: Unknown database 'inventario_php' in C:\\xampp\\htdocs\\Proyecto-Inventario\\Inventario_php\\modelo\\conexion.php:2\nStack trace:\n#0 C:\\xampp\\htdocs\\Proyecto-Inventario\\Inventario_php\\modelo\\conexion.php(2): mysqli->__construct('localhost', 'root', Object(SensitiveParameterValue), 'inventario_php')\n#1 C:\\xampp\\htdocs\\Proyecto-Inventario\\Inventario_php\\index.php(21): include('C:\\\\xampp\\\\htdocs...')\n#2 {main}\n  thrown in C:\\xampp\\htdocs\\Proyecto-Inventario\\Inventario_php\\modelo\\conexion.php on line 2, referer: http://localhost/Proyecto-Inventario/inventario_php/index.php
[Wed Aug 12 00:03:42.578650 2026] [php:error] [pid 17160:tid 1932] [client ::1:49542] PHP Fatal error:  Uncaught mysqli_sql_exception: Unknown column 'No_Inventario' in 'field list' in C:\\xampp\\htdocs\\Proyecto-Inventario\\Inventario_php\\controlador\\Registro.php:25\nStack trace:\n#0 C:\\xampp\\htdocs\\Proyecto-Inventario\\Inventario_php\\controlador\\Registro.php(25): mysqli->query('INSERT INTO inv...')\n#1 C:\\xampp\\htdocs\\Proyecto-Inventario\\Inventario_php\\index.php(22): include('C:\\\\xampp\\\\htdocs...')\n#2 {main}\n  thrown in C:\\xampp\\htdocs\\Proyecto-Inventario\\Inventario_php\\controlador\\Registro.php on line 25, referer: http://localhost/Proyecto-Inventario/inventario_php/index.php
[Wed Aug 12 00:03:44.307250 2026] [php:error] [pid 17160:tid 1932] [client ::1:49542] PHP Fatal error:  Uncaught mysqli_sql_exception: Unknown column 'No_Inventario' in 'field list' in C:\\xampp\\htdocs\\Proyecto-Inventario\\Inventario_php\\controlador\\Registro.php:25\nStack trace:\n#0 C:\\xampp\\htdocs\\Proyecto-Inventario\\Inventario_php\\controlador\\Registro.php(25): mysqli->query('INSERT INTO inv...')\n#1 C:\\xampp\\htdocs\\Proyecto-Inventario\\Inventario_php\\index.php(22): include('C:\\\\xampp\\\\htdocs...')\n#2 {main}\n  thrown in C:\\xampp\\htdocs\\Proyecto-Inventario\\Inventario_php\\controlador\\Registro.php on line 25, referer: http://localhost/Proyecto-Inventario/inventario_php/index.php
[Wed Aug 12 00:03:44.820897 2026] [php:error] [pid 17160:tid 1932] [client ::1:49542] PHP Fatal error:  Uncaught mysqli_sql_exception: Unknown column 'No_Inventario' in 'field list' in C:\\xampp\\htdocs\\Proyecto-Inventario\\Inventario_php\\controlador\\Registro.php:25\nStack trace:\n#0 C:\\xampp\\htdocs\\Proyecto-Inventario\\Inventario_php\\controlador\\Registro.php(25): mysqli->query('INSERT INTO inv...')\n#1 C:\\xampp\\htdocs\\Proyecto-Inventario\\Inventario_php\\index.php(22): include('C:\\\\xampp\\\\htdocs...')\n#2 {main}\n  thrown in C:\\xampp\\htdocs\\Proyecto-Inventario\\Inventario_php\\controlador\\Registro.php on line 25, referer: http://localhost/Proyecto-Inventario/inventario_php/index.php
[Wed Aug 12 00:04:44.826951 2026] [php:error] [pid 17160:tid 1932] [client ::1:56000] PHP Fatal error:  Uncaught mysqli_sql_exception: Unknown column 'No_Inventario' in 'field list' in C:\\xampp\\htdocs\\Proyecto-Inventario\\Inventario_php\\controlador\\Registro.php:25\nStack trace:\n#0 C:\\xampp\\htdocs\\Proyecto-Inventario\\Inventario_php\\controlador\\Registro.php(25): mysqli->query('INSERT INTO inv...')\n#1 C:\\xampp\\htdocs\\Proyecto-Inventario\\Inventario_php\\index.php(22): include('C:\\\\xampp\\\\htdocs...')\n#2 {main}\n  thrown in C:\\xampp\\htdocs\\Proyecto-Inventario\\Inventario_php\\controlador\\Registro.php on line 25, referer: http://localhost/Proyecto-Inventario/inventario_php/index.php
[Wed Aug 12 00:20:36.684041 2026] [php:error] [pid 17160:tid 1888] [client ::1:50476] PHP Fatal error:  Uncaught mysqli_sql_exception: Duplicate entry '140' for key 'PRIMARY' in C:\\xampp\\htdocs\\Proyecto-Inventario\\Inventario_php\\controlador\\Registro.php:25\nStack trace:\n#0 C:\\xampp\\htdocs\\Proyecto-Inventario\\Inventario_php\\controlador\\Registro.php(25): mysqli->query('INSERT INTO inv...')\n#1 C:\\xampp\\htdocs\\Proyecto-Inventario\\Inventario_php\\index.php(22): include('C:\\\\xampp\\\\htdocs...')\n#2 {main}\n  thrown in C:\\xampp\\htdocs\\Proyecto-Inventario\\Inventario_php\\controlador\\Registro.php on line 25, referer: http://localhost/Proyecto-Inventario/inventario_php/index.php
[Wed Aug 12 00:21:23.803079 2026] [php:error] [pid 17160:tid 1932] [client ::1:50711] PHP Fatal error:  Uncaught mysqli_sql_exception: Duplicate entry '140' for key 'PRIMARY' in C:\\xampp\\htdocs\\Proyecto-Inventario\\Inventario_php\\controlador\\Registro.php:25\nStack trace:\n#0 C:\\xampp\\htdocs\\Proyecto-Inventario\\Inventario_php\\controlador\\Registro.php(25): mysqli->query('INSERT INTO inv...')\n#1 C:\\xampp\\htdocs\\Proyecto-Inventario\\Inventario_php\\index.php(22): include('C:\\\\xampp\\\\htdocs...')\n#2 {main}\n  thrown in C:\\xampp\\htdocs\\Proyecto-Inventario\\Inventario_php\\controlador\\Registro.php on line 25, referer: http://localhost/Proyecto-Inventario/inventario_php/index.php
[Wed Aug 12 00:23:55.241104 2026] [php:error] [pid 17160:tid 1888] [client ::1:65474] PHP Fatal error:  Uncaught mysqli_sql_exception: Duplicate entry '140' for key 'PRIMARY' in C:\\xampp\\htdocs\\Proyecto-Inventario\\Inventario_php\\controlador\\Registro.php:25\nStack trace:\n#0 C:\\xampp\\htdocs\\Proyecto-Inventario\\Inventario_php\\controlador\\Registro.php(25): mysqli->query('INSERT INTO inv...')\n#1 C:\\xampp\\htdocs\\Proyecto-Inventario\\Inventario_php\\index.php(22): include('C:\\\\xampp\\\\htdocs...')\n#2 {main}\n  thrown in C:\\xampp\\htdocs\\Proyecto-Inventario\\Inventario_php\\controlador\\Registro.php on line 25, referer: http://localhost/Proyecto-Inventario/inventario_php/index.php
[Wed Aug 12 00:37:13.322736 2026] [php:error] [pid 17160:tid 1888] [client ::1:49898] PHP Fatal error:  Uncaught mysqli_sql_exception: Duplicate entry '140' for key 'PRIMARY' in C:\\xampp\\htdocs\\Proyecto-Inventario\\Inventario_php\\controlador\\Registro.php:25\nStack trace:\n#0 C:\\xampp\\htdocs\\Proyecto-Inventario\\Inventario_php\\controlador\\Registro.php(25): mysqli->query('INSERT INTO inv...')\n#1 C:\\xampp\\htdocs\\Proyecto-Inventario\\Inventario_php\\index.php(22): include('C:\\\\xampp\\\\htdocs...')\n#2 {main}\n  thrown in C:\\xampp\\htdocs\\Proyecto-Inventario\\Inventario_php\\controlador\\Registro.php on line 25, referer: http://localhost/Proyecto-Inventario/inventario_php/index.php
[Wed Aug 12 00:37:19.836217 2026] [php:error] [pid 17160:tid 1884] [client ::1:65062] PHP Fatal error:  Uncaught mysqli_sql_exception: Duplicate entry '140' for key 'PRIMARY' in C:\\xampp\\htdocs\\Proyecto-Inventario\\Inventario_php\\controlador\\Registro.php:25\nStack trace:\n#0 C:\\xampp\\htdocs\\Proyecto-Inventario\\Inventario_php\\controlador\\Registro.php(25): mysqli->query('INSERT INTO inv...')\n#1 C:\\xampp\\htdocs\\Proyecto-Inventario\\Inventario_php\\index.php(22): include('C:\\\\xampp\\\\htdocs...')\n#2 {main}\n  thrown in C:\\xampp\\htdocs\\Proyecto-Inventario\\Inventario_php\\controlador\\Registro.php on line 25, referer: http://localhost/Proyecto-Inventario/inventario_php/index.php
[Wed Aug 12 00:37:20.233975 2026] [php:error] [pid 17160:tid 1884] [client ::1:65062] PHP Fatal error:  Uncaught mysqli_sql_exception: Duplicate entry '140' for key 'PRIMARY' in C:\\xampp\\htdocs\\Proyecto-Inventario\\Inventario_php\\controlador\\Registro.php:25\nStack trace:\n#0 C:\\xampp\\htdocs\\Proyecto-Inventario\\Inventario_php\\controlador\\Registro.php(25): mysqli->query('INSERT INTO inv...')\n#1 C:\\xampp\\htdocs\\Proyecto-Inventario\\Inventario_php\\index.php(22): include('C:\\\\xampp\\\\htdocs...')\n#2 {main}\n  thrown in C:\\xampp\\htdocs\\Proyecto-Inventario\\Inventario_php\\controlador\\Registro.php on line 25, referer: http://localhost/Proyecto-Inventario/inventario_php/index.php
[Wed Aug 12 00:40:19.564930 2026] [php:error] [pid 17160:tid 1888] [client ::1:49971] PHP Fatal error:  Uncaught mysqli_sql_exception: Duplicate entry '140' for key 'PRIMARY' in C:\\xampp\\htdocs\\Proyecto-Inventario\\Inventario_php\\controlador\\Registro.php:25\nStack trace:\n#0 C:\\xampp\\htdocs\\Proyecto-Inventario\\Inventario_php\\controlador\\Registro.php(25): mysqli->query('INSERT INTO inv...')\n#1 C:\\xampp\\htdocs\\Proyecto-Inventario\\Inventario_php\\index.php(22): include('C:\\\\xampp\\\\htdocs...')\n#2 {main}\n  thrown in C:\\xampp\\htdocs\\Proyecto-Inventario\\Inventario_php\\controlador\\Registro.php on line 25, referer: http://localhost/Proyecto-Inventario/inventario_php/index.php
[Wed Aug 12 00:43:38.699041 2026] [php:error] [pid 17160:tid 1888] [client ::1:50621] PHP Fatal error:  Uncaught mysqli_sql_exception: Duplicate entry '140' for key 'PRIMARY' in C:\\xampp\\htdocs\\Proyecto-Inventario\\Inventario_php\\controlador\\Registro.php:25\nStack trace:\n#0 C:\\xampp\\htdocs\\Proyecto-Inventario\\Inventario_php\\controlador\\Registro.php(25): mysqli->query('INSERT INTO inv...')\n#1 C:\\xampp\\htdocs\\Proyecto-Inventario\\Inventario_php\\index.php(22): include('C:\\\\xampp\\\\htdocs...')\n#2 {main}\n  thrown in C:\\xampp\\htdocs\\Proyecto-Inventario\\Inventario_php\\controlador\\Registro.php on line 25, referer: http://localhost/Proyecto-Inventario/inventario_php/index.php
[Wed Aug 12 00:43:39.834527 2026] [php:error] [pid 17160:tid 1888] [client ::1:50621] PHP Fatal error:  Uncaught mysqli_sql_exception: Duplicate entry '140' for key 'PRIMARY' in C:\\xampp\\htdocs\\Proyecto-Inventario\\Inventario_php\\controlador\\Registro.php:25\nStack trace:\n#0 C:\\xampp\\htdocs\\Proyecto-Inventario\\Inventario_php\\controlador\\Registro.php(25): mysqli->query('INSERT INTO inv...')\n#1 C:\\xampp\\htdocs\\Proyecto-Inventario\\Inventario_php\\index.php(22): include('C:\\\\xampp\\\\htdocs...')\n#2 {main}\n  thrown in C:\\xampp\\htdocs\\Proyecto-Inventario\\Inventario_php\\controlador\\Registro.php on line 25, referer: http://localhost/Proyecto-Inventario/inventario_php/index.php
[Wed Aug 12 00:43:41.619971 2026] [php:error] [pid 17160:tid 1888] [client ::1:50621] PHP Fatal error:  Uncaught mysqli_sql_exception: Duplicate entry '140' for key 'PRIMARY' in C:\\xampp\\htdocs\\Proyecto-Inventario\\Inventario_php\\controlador\\Registro.php:25\nStack trace:\n#0 C:\\xampp\\htdocs\\Proyecto-Inventario\\Inventario_php\\controlador\\Registro.php(25): mysqli->query('INSERT INTO inv...')\n#1 C:\\xampp\\htdocs\\Proyecto-Inventario\\Inventario_php\\index.php(22): include('C:\\\\xampp\\\\htdocs...')\n#2 {main}\n  thrown in C:\\xampp\\htdocs\\Proyecto-Inventario\\Inventario_php\\controlador\\Registro.php on line 25, referer: http://localhost/Proyecto-Inventario/inventario_php/index.php
[Wed Aug 12 00:57:25.279346 2026] [php:error] [pid 17160:tid 1932] [client ::1:61915] PHP Fatal error:  Uncaught mysqli_sql_exception: Duplicate entry '140' for key 'PRIMARY' in C:\\xampp\\htdocs\\Proyecto-Inventario\\Inventario_php\\controlador\\Registro.php:25\nStack trace:\n#0 C:\\xampp\\htdocs\\Proyecto-Inventario\\Inventario_php\\controlador\\Registro.php(25): mysqli->query('INSERT INTO inv...')\n#1 C:\\xampp\\htdocs\\Proyecto-Inventario\\Inventario_php\\index.php(22): include('C:\\\\xampp\\\\htdocs...')\n#2 {main}\n  thrown in C:\\xampp\\htdocs\\Proyecto-Inventario\\Inventario_php\\controlador\\Registro.php on line 25, referer: http://localhost/Proyecto-Inventario/inventario_php/index.php
[Wed Aug 12 01:20:39.339245 2026] [php:warn] [pid 17160:tid 1932] [client ::1:63946] PHP Warning:  include(../modelo/conexion.php): Failed to open stream: No such file or directory in C:\\xampp\\htdocs\\Proyecto-Inventario\\Inventario_php\\modificar_producto.php on line 2, referer: http://localhost/Proyecto-Inventario/inventario_php/index.php
[Wed Aug 12 01:20:39.340258 2026] [php:warn] [pid 17160:tid 1932] [client ::1:63946] PHP Warning:  include(): Failed opening '../modelo/conexion.php' for inclusion (include_path='C:\\xampp\\php\\PEAR') in C:\\xampp\\htdocs\\Proyecto-Inventario\\Inventario_php\\modificar_producto.php on line 2, referer: http://localhost/Proyecto-Inventario/inventario_php/index.php
[Wed Aug 12 01:21:02.761298 2026] [php:warn] [pid 17160:tid 1928] [client ::1:56084] PHP Warning:  include(../modelo/conexion.php): Failed to open stream: No such file or directory in C:\\xampp\\htdocs\\Proyecto-Inventario\\Inventario_php\\modificar_producto.php on line 2, referer: http://localhost/Proyecto-Inventario/inventario_php/index.php
[Wed Aug 12 01:21:02.762636 2026] [php:warn] [pid 17160:tid 1928] [client ::1:56084] PHP Warning:  include(): Failed opening '../modelo/conexion.php' for inclusion (include_path='C:\\xampp\\php\\PEAR') in C:\\xampp\\htdocs\\Proyecto-Inventario\\Inventario_php\\modificar_producto.php on line 2, referer: http://localhost/Proyecto-Inventario/inventario_php/index.php
[Wed Aug 12 01:24:37.628294 2026] [php:warn] [pid 17160:tid 1932] [client ::1:64458] PHP Warning:  include(../modelo/conexion.php): Failed to open stream: No such file or directory in C:\\xampp\\htdocs\\Proyecto-Inventario\\Inventario_php\\modificar_producto.php on line 2, referer: http://localhost/Proyecto-Inventario/inventario_php/index.php
[Wed Aug 12 01:24:37.628294 2026] [php:warn] [pid 17160:tid 1932] [client ::1:64458] PHP Warning:  include(): Failed opening '../modelo/conexion.php' for inclusion (include_path='C:\\xampp\\php\\PEAR') in C:\\xampp\\htdocs\\Proyecto-Inventario\\Inventario_php\\modificar_producto.php on line 2, referer: http://localhost/Proyecto-Inventario/inventario_php/index.php
[Wed Aug 12 01:25:48.168738 2026] [php:error] [pid 17160:tid 1932] [client ::1:62462] script 'C:/xampp/htdocs/Proyecto-Inventario/Inventario_php/modificar_producto.php' not found or unable to stat, referer: http://localhost/Proyecto-Inventario/inventario_php/index.php
[Wed Aug 12 01:25:51.092976 2026] [php:error] [pid 17160:tid 1932] [client ::1:62462] script 'C:/xampp/htdocs/Proyecto-Inventario/Inventario_php/modificar_producto.php' not found or unable to stat, referer: http://localhost/Proyecto-Inventario/inventario_php/index.php
[Wed Aug 12 01:25:51.710469 2026] [php:error] [pid 17160:tid 1932] [client ::1:62462] script 'C:/xampp/htdocs/Proyecto-Inventario/Inventario_php/modificar_producto.php' not found or unable to stat, referer: http://localhost/Proyecto-Inventario/inventario_php/index.php
[Wed Aug 12 01:25:52.888311 2026] [php:error] [pid 17160:tid 1932] [client ::1:62462] script 'C:/xampp/htdocs/Proyecto-Inventario/Inventario_php/modificar_producto.php' not found or unable to stat, referer: http://localhost/Proyecto-Inventario/inventario_php/index.php
[Wed Aug 12 01:26:01.266202 2026] [php:error] [pid 17160:tid 1928] [client ::1:58404] script 'C:/xampp/htdocs/Proyecto-Inventario/Inventario_php/modificar_producto.php' not found or unable to stat, referer: http://localhost/Proyecto-Inventario/inventario_php/index.php
[Wed Aug 12 01:26:01.762069 2026] [php:error] [pid 17160:tid 1928] [client ::1:58404] script 'C:/xampp/htdocs/Proyecto-Inventario/Inventario_php/modificar_producto.php' not found or unable to stat, referer: http://localhost/Proyecto-Inventario/inventario_php/index.php
[Wed Aug 12 01:26:02.024870 2026] [php:error] [pid 17160:tid 1928] [client ::1:58404] script 'C:/xampp/htdocs/Proyecto-Inventario/Inventario_php/modificar_producto.php' not found or unable to stat, referer: http://localhost/Proyecto-Inventario/inventario_php/index.php
[Wed Aug 12 01:26:02.187816 2026] [php:error] [pid 17160:tid 1928] [client ::1:58404] script 'C:/xampp/htdocs/Proyecto-Inventario/Inventario_php/modificar_producto.php' not found or unable to stat, referer: http://localhost/Proyecto-Inventario/inventario_php/index.php
[Wed Aug 12 01:26:02.368051 2026] [php:error] [pid 17160:tid 1928] [client ::1:58404] script 'C:/xampp/htdocs/Proyecto-Inventario/Inventario_php/modificar_producto.php' not found or unable to stat, referer: http://localhost/Proyecto-Inventario/inventario_php/index.php
[Wed Aug 12 01:26:02.526318 2026] [php:error] [pid 17160:tid 1928] [client ::1:58404] script 'C:/xampp/htdocs/Proyecto-Inventario/Inventario_php/modificar_producto.php' not found or unable to stat, referer: http://localhost/Proyecto-Inventario/inventario_php/index.php
[Wed Aug 12 01:26:02.702628 2026] [php:error] [pid 17160:tid 1928] [client ::1:58404] script 'C:/xampp/htdocs/Proyecto-Inventario/Inventario_php/modificar_producto.php' not found or unable to stat, referer: http://localhost/Proyecto-Inventario/inventario_php/index.php
[Wed Aug 12 01:27:05.931631 2026] [php:warn] [pid 17160:tid 1932] [client ::1:57800] PHP Warning:  include(../modelo/conexion.php): Failed to open stream: No such file or directory in C:\\xampp\\htdocs\\Proyecto-Inventario\\Inventario_php\\modificar_producto.php on line 2, referer: http://localhost/Proyecto-Inventario/inventario_php/index.php
[Wed Aug 12 01:27:05.931631 2026] [php:warn] [pid 17160:tid 1932] [client ::1:57800] PHP Warning:  include(): Failed opening '../modelo/conexion.php' for inclusion (include_path='C:\\xampp\\php\\PEAR') in C:\\xampp\\htdocs\\Proyecto-Inventario\\Inventario_php\\modificar_producto.php on line 2, referer: http://localhost/Proyecto-Inventario/inventario_php/index.php
[Wed Aug 12 01:31:47.592489 2026] [php:error] [pid 17160:tid 1932] [client ::1:61690] script 'C:/xampp/htdocs/Proyecto-Inventario/Inventario_php/controlador/actualizar_producto.php' not found or unable to stat, referer: http://localhost/Proyecto-Inventario/inventario_php/modificar_producto.php?id=1
[Wed Aug 12 01:31:49.684188 2026] [php:error] [pid 17160:tid 1932] [client ::1:61690] script 'C:/xampp/htdocs/Proyecto-Inventario/Inventario_php/controlador/actualizar_producto.php' not found or unable to stat, referer: http://localhost/Proyecto-Inventario/inventario_php/modificar_producto.php?id=1
[Wed Aug 12 01:31:49.897411 2026] [php:error] [pid 17160:tid 1932] [client ::1:61690] script 'C:/xampp/htdocs/Proyecto-Inventario/Inventario_php/controlador/actualizar_producto.php' not found or unable to stat, referer: http://localhost/Proyecto-Inventario/inventario_php/modificar_producto.php?id=1
[Wed Aug 12 01:31:50.079593 2026] [php:error] [pid 17160:tid 1932] [client ::1:61690] script 'C:/xampp/htdocs/Proyecto-Inventario/Inventario_php/controlador/actualizar_producto.php' not found or unable to stat, referer: http://localhost/Proyecto-Inventario/inventario_php/modificar_producto.php?id=1
[Wed Aug 12 01:31:53.127332 2026] [php:error] [pid 17160:tid 1932] [client ::1:61690] script 'C:/xampp/htdocs/Proyecto-Inventario/Inventario_php/controlador/actualizar_producto.php' not found or unable to stat, referer: http://localhost/Proyecto-Inventario/inventario_php/modificar_producto.php?id=1
[Wed Aug 12 01:31:53.313817 2026] [php:error] [pid 17160:tid 1932] [client ::1:61690] script 'C:/xampp/htdocs/Proyecto-Inventario/Inventario_php/controlador/actualizar_producto.php' not found or unable to stat, referer: http://localhost/Proyecto-Inventario/inventario_php/modificar_producto.php?id=1
[Wed Aug 12 01:34:06.804682 2026] [php:error] [pid 17160:tid 1888] [client ::1:64515] script 'C:/xampp/htdocs/Proyecto-Inventario/Inventario_php/controlador/actualizar_producto.php' not found or unable to stat, referer: http://localhost/Proyecto-Inventario/inventario_php/modificar_producto.php?id=1
[Wed Aug 12 01:34:07.215554 2026] [php:error] [pid 17160:tid 1888] [client ::1:64515] script 'C:/xampp/htdocs/Proyecto-Inventario/Inventario_php/controlador/actualizar_producto.php' not found or unable to stat, referer: http://localhost/Proyecto-Inventario/inventario_php/modificar_producto.php?id=1
[Wed Aug 12 01:34:10.641910 2026] [php:error] [pid 17160:tid 1888] [client ::1:64515] script 'C:/xampp/htdocs/Proyecto-Inventario/Inventario_php/controlador/actualizar_producto.php' not found or unable to stat, referer: http://localhost/Proyecto-Inventario/inventario_php/modificar_producto.php?id=1
[Wed Aug 12 01:34:25.274148 2026] [php:error] [pid 17160:tid 1932] [client ::1:55413] script 'C:/xampp/htdocs/Proyecto-Inventario/Inventario_php/controlador/actualizar_producto.php' not found or unable to stat, referer: http://localhost/Proyecto-Inventario/inventario_php/modificar_producto.php?id=1
[Wed Aug 12 01:34:25.606336 2026] [php:error] [pid 17160:tid 1932] [client ::1:55413] script 'C:/xampp/htdocs/Proyecto-Inventario/Inventario_php/controlador/actualizar_producto.php' not found or unable to stat, referer: http://localhost/Proyecto-Inventario/inventario_php/modificar_producto.php?id=1
[Wed Aug 12 01:34:55.052342 2026] [php:error] [pid 17160:tid 1888] [client ::1:50661] script 'C:/xampp/htdocs/Proyecto-Inventario/Inventario_php/controlador/actualizar_producto.php' not found or unable to stat, referer: http://localhost/Proyecto-Inventario/inventario_php/modificar_producto.php?id=1
[Wed Aug 12 01:34:55.353557 2026] [php:error] [pid 17160:tid 1888] [client ::1:50661] script 'C:/xampp/htdocs/Proyecto-Inventario/Inventario_php/controlador/actualizar_producto.php' not found or unable to stat, referer: http://localhost/Proyecto-Inventario/inventario_php/modificar_producto.php?id=1
[Wed Aug 12 01:34:55.515325 2026] [php:error] [pid 17160:tid 1888] [client ::1:50661] script 'C:/xampp/htdocs/Proyecto-Inventario/Inventario_php/controlador/actualizar_producto.php' not found or unable to stat, referer: http://localhost/Proyecto-Inventario/inventario_php/modificar_producto.php?id=1
[Wed Aug 12 01:34:55.657380 2026] [php:error] [pid 17160:tid 1888] [client ::1:50661] script 'C:/xampp/htdocs/Proyecto-Inventario/Inventario_php/controlador/actualizar_producto.php' not found or unable to stat, referer: http://localhost/Proyecto-Inventario/inventario_php/modificar_producto.php?id=1
[Wed Aug 12 01:34:55.794419 2026] [php:error] [pid 17160:tid 1888] [client ::1:50661] script 'C:/xampp/htdocs/Proyecto-Inventario/Inventario_php/controlador/actualizar_producto.php' not found or unable to stat, referer: http://localhost/Proyecto-Inventario/inventario_php/modificar_producto.php?id=1
[Wed Aug 12 01:34:55.939774 2026] [php:error] [pid 17160:tid 1888] [client ::1:50661] script 'C:/xampp/htdocs/Proyecto-Inventario/Inventario_php/controlador/actualizar_producto.php' not found or unable to stat, referer: http://localhost/Proyecto-Inventario/inventario_php/modificar_producto.php?id=1
[Wed Aug 12 01:34:56.075348 2026] [php:error] [pid 17160:tid 1888] [client ::1:50661] script 'C:/xampp/htdocs/Proyecto-Inventario/Inventario_php/controlador/actualizar_producto.php' not found or unable to stat, referer: http://localhost/Proyecto-Inventario/inventario_php/modificar_producto.php?id=1
[Wed Aug 12 01:36:06.884660 2026] [php:error] [pid 17160:tid 1932] [client ::1:60053] script 'C:/xampp/htdocs/Proyecto-Inventario/Inventario_php/controlador/actualizar_producto.php' not found or unable to stat, referer: http://localhost/Proyecto-Inventario/inventario_php/modificar_producto.php?id=1
[Wed Aug 12 01:36:07.330658 2026] [php:error] [pid 17160:tid 1932] [client ::1:60053] script 'C:/xampp/htdocs/Proyecto-Inventario/Inventario_php/controlador/actualizar_producto.php' not found or unable to stat, referer: http://localhost/Proyecto-Inventario/inventario_php/modificar_producto.php?id=1
[Wed Aug 12 01:36:07.517570 2026] [php:error] [pid 17160:tid 1932] [client ::1:60053] script 'C:/xampp/htdocs/Proyecto-Inventario/Inventario_php/controlador/actualizar_producto.php' not found or unable to stat, referer: http://localhost/Proyecto-Inventario/inventario_php/modificar_producto.php?id=1
[Wed Aug 12 01:36:07.686395 2026] [php:error] [pid 17160:tid 1932] [client ::1:60053] script 'C:/xampp/htdocs/Proyecto-Inventario/Inventario_php/controlador/actualizar_producto.php' not found or unable to stat, referer: http://localhost/Proyecto-Inventario/inventario_php/modificar_producto.php?id=1
[Wed Aug 12 01:36:07.854828 2026] [php:error] [pid 17160:tid 1932] [client ::1:60053] script 'C:/xampp/htdocs/Proyecto-Inventario/Inventario_php/controlador/actualizar_producto.php' not found or unable to stat, referer: http://localhost/Proyecto-Inventario/inventario_php/modificar_producto.php?id=1
[Wed Aug 12 01:36:08.019491 2026] [php:error] [pid 17160:tid 1932] [client ::1:60053] script 'C:/xampp/htdocs/Proyecto-Inventario/Inventario_php/controlador/actualizar_producto.php' not found or unable to stat, referer: http://localhost/Proyecto-Inventario/inventario_php/modificar_producto.php?id=1
[Wed Aug 12 01:36:08.197753 2026] [php:error] [pid 17160:tid 1932] [client ::1:60053] script 'C:/xampp/htdocs/Proyecto-Inventario/Inventario_php/controlador/actualizar_producto.php' not found or unable to stat, referer: http://localhost/Proyecto-Inventario/inventario_php/modificar_producto.php?id=1
[Wed Aug 12 01:36:08.791580 2026] [php:error] [pid 17160:tid 1932] [client ::1:60053] script 'C:/xampp/htdocs/Proyecto-Inventario/Inventario_php/controlador/actualizar_producto.php' not found or unable to stat, referer: http://localhost/Proyecto-Inventario/inventario_php/modificar_producto.php?id=1
[Wed Aug 12 01:36:09.430772 2026] [php:error] [pid 17160:tid 1932] [client ::1:60053] script 'C:/xampp/htdocs/Proyecto-Inventario/Inventario_php/controlador/actualizar_producto.php' not found or unable to stat, referer: http://localhost/Proyecto-Inventario/inventario_php/modificar_producto.php?id=1
[Wed Aug 12 01:36:09.575272 2026] [php:error] [pid 17160:tid 1932] [client ::1:60053] script 'C:/xampp/htdocs/Proyecto-Inventario/Inventario_php/controlador/actualizar_producto.php' not found or unable to stat, referer: http://localhost/Proyecto-Inventario/inventario_php/modificar_producto.php?id=1
[Wed Aug 12 01:36:09.797213 2026] [php:error] [pid 17160:tid 1932] [client ::1:60053] script 'C:/xampp/htdocs/Proyecto-Inventario/Inventario_php/controlador/actualizar_producto.php' not found or unable to stat, referer: http://localhost/Proyecto-Inventario/inventario_php/modificar_producto.php?id=1
[Wed Aug 12 01:39:27.883982 2026] [php:error] [pid 17160:tid 1888] [client ::1:59163] script 'C:/xampp/htdocs/Proyecto-Inventario/Inventario_php/controlador/actualizar_producto.php' not found or unable to stat, referer: http://localhost/Proyecto-Inventario/inventario_php/modificar_producto.php?id=1
[Wed Aug 12 01:39:29.377861 2026] [php:error] [pid 17160:tid 1888] [client ::1:59163] script 'C:/xampp/htdocs/Proyecto-Inventario/Inventario_php/controlador/actualizar_producto.php' not found or unable to stat, referer: http://localhost/Proyecto-Inventario/inventario_php/modificar_producto.php?id=1
[Wed Aug 12 01:39:29.605529 2026] [php:error] [pid 17160:tid 1888] [client ::1:59163] script 'C:/xampp/htdocs/Proyecto-Inventario/Inventario_php/controlador/actualizar_producto.php' not found or unable to stat, referer: http://localhost/Proyecto-Inventario/inventario_php/modificar_producto.php?id=1
[Wed Aug 12 01:41:52.072206 2026] [php:warn] [pid 17160:tid 1932] [client ::1:54484] PHP Warning:  include(../modelo/conexion.php): Failed to open stream: No such file or directory in C:\\xampp\\htdocs\\Proyecto-Inventario\\Inventario_php\\actualizar_producto.php on line 2, referer: http://localhost/Proyecto-Inventario/inventario_php/modificar_producto.php?id=1
[Wed Aug 12 01:41:52.073206 2026] [php:warn] [pid 17160:tid 1932] [client ::1:54484] PHP Warning:  include(): Failed opening '../modelo/conexion.php' for inclusion (include_path='C:\\xampp\\php\\PEAR') in C:\\xampp\\htdocs\\Proyecto-Inventario\\Inventario_php\\actualizar_producto.php on line 2, referer: http://localhost/Proyecto-Inventario/inventario_php/modificar_producto.php?id=1
[Wed Aug 12 01:41:52.073206 2026] [php:warn] [pid 17160:tid 1932] [client ::1:54484] PHP Warning:  Undefined variable $conexion in C:\\xampp\\htdocs\\Proyecto-Inventario\\Inventario_php\\actualizar_producto.php on line 26, referer: http://localhost/Proyecto-Inventario/inventario_php/modificar_producto.php?id=1
[Wed Aug 12 01:41:52.074207 2026] [php:error] [pid 17160:tid 1932] [client ::1:54484] PHP Fatal error:  Uncaught Error: Call to a member function query() on null in C:\\xampp\\htdocs\\Proyecto-Inventario\\Inventario_php\\actualizar_producto.php:26\nStack trace:\n#0 {main}\n  thrown in C:\\xampp\\htdocs\\Proyecto-Inventario\\Inventario_php\\actualizar_producto.php on line 26, referer: http://localhost/Proyecto-Inventario/inventario_php/modificar_producto.php?id=1
[Wed Aug 12 01:44:20.684333 2026] [php:warn] [pid 17160:tid 1888] [client ::1:64728] PHP Warning:  include(../modelo/conexion.php): Failed to open stream: No such file or directory in C:\\xampp\\htdocs\\Proyecto-Inventario\\Inventario_php\\actualizar_producto.php on line 2, referer: http://localhost/Proyecto-Inventario/inventario_php/modificar_producto.php?id=1
[Wed Aug 12 01:44:20.684333 2026] [php:warn] [pid 17160:tid 1888] [client ::1:64728] PHP Warning:  include(): Failed opening '../modelo/conexion.php' for inclusion (include_path='C:\\xampp\\php\\PEAR') in C:\\xampp\\htdocs\\Proyecto-Inventario\\Inventario_php\\actualizar_producto.php on line 2, referer: http://localhost/Proyecto-Inventario/inventario_php/modificar_producto.php?id=1
[Wed Aug 12 01:44:20.685333 2026] [php:warn] [pid 17160:tid 1888] [client ::1:64728] PHP Warning:  Undefined variable $conexion in C:\\xampp\\htdocs\\Proyecto-Inventario\\Inventario_php\\actualizar_producto.php on line 26, referer: http://localhost/Proyecto-Inventario/inventario_php/modificar_producto.php?id=1
[Wed Aug 12 01:44:20.686333 2026] [php:error] [pid 17160:tid 1888] [client ::1:64728] PHP Fatal error:  Uncaught Error: Call to a member function query() on null in C:\\xampp\\htdocs\\Proyecto-Inventario\\Inventario_php\\actualizar_producto.php:26\nStack trace:\n#0 {main}\n  thrown in C:\\xampp\\htdocs\\Proyecto-Inventario\\Inventario_php\\actualizar_producto.php on line 26, referer: http://localhost/Proyecto-Inventario/inventario_php/modificar_producto.php?id=1
[Wed Aug 12 01:44:36.473441 2026] [php:warn] [pid 17160:tid 1932] [client ::1:65486] PHP Warning:  include(../modelo/conexion.php): Failed to open stream: No such file or directory in C:\\xampp\\htdocs\\Proyecto-Inventario\\Inventario_php\\actualizar_producto.php on line 2, referer: http://localhost/Proyecto-Inventario/inventario_php/modificar_producto.php?id=1
[Wed Aug 12 01:44:36.473441 2026] [php:warn] [pid 17160:tid 1932] [client ::1:65486] PHP Warning:  include(): Failed opening '../modelo/conexion.php' for inclusion (include_path='C:\\xampp\\php\\PEAR') in C:\\xampp\\htdocs\\Proyecto-Inventario\\Inventario_php\\actualizar_producto.php on line 2, referer: http://localhost/Proyecto-Inventario/inventario_php/modificar_producto.php?id=1
[Wed Aug 12 01:44:36.474444 2026] [php:warn] [pid 17160:tid 1932] [client ::1:65486] PHP Warning:  Undefined variable $conexion in C:\\xampp\\htdocs\\Proyecto-Inventario\\Inventario_php\\actualizar_producto.php on line 26, referer: http://localhost/Proyecto-Inventario/inventario_php/modificar_producto.php?id=1
[Wed Aug 12 01:44:36.475441 2026] [php:error] [pid 17160:tid 1932] [client ::1:65486] PHP Fatal error:  Uncaught Error: Call to a member function query() on null in C:\\xampp\\htdocs\\Proyecto-Inventario\\Inventario_php\\actualizar_producto.php:26\nStack trace:\n#0 {main}\n  thrown in C:\\xampp\\htdocs\\Proyecto-Inventario\\Inventario_php\\actualizar_producto.php on line 26, referer: http://localhost/Proyecto-Inventario/inventario_php/modificar_producto.php?id=1
[Wed Aug 12 01:45:09.863834 2026] [php:error] [pid 17160:tid 1888] [client ::1:61661] script 'C:/xampp/htdocs/Proyecto-Inventario/index.php' not found or unable to stat, referer: http://localhost/Proyecto-Inventario/inventario_php/actualizar_producto.php
[Wed Aug 12 01:45:34.416230 2026] [php:error] [pid 17160:tid 1932] [client ::1:55876] script 'C:/xampp/htdocs/Proyecto-Inventario/index.php' not found or unable to stat, referer: http://localhost/Proyecto-Inventario/inventario_php/actualizar_producto.php
[Wed Aug 12 01:50:24.371724 2026] [php:error] [pid 17160:tid 1888] [client ::1:51053] script 'C:/xampp/htdocs/Proyecto-Inventario/index.php' not found or unable to stat, referer: http://localhost/Proyecto-Inventario/inventario_php/actualizar_producto.php
[Wed Aug 12 01:50:37.792519 2026] [php:warn] [pid 17160:tid 1932] [client ::1:62787] PHP Warning:  include(../modelo/conexion.php): Failed to open stream: No such file or directory in C:\\xampp\\htdocs\\Proyecto-Inventario\\Inventario_php\\actualizar_producto.php on line 2, referer: http://localhost/Proyecto-Inventario/inventario_php/modificar_producto.php?id=1
[Wed Aug 12 01:50:37.792519 2026] [php:warn] [pid 17160:tid 1932] [client ::1:62787] PHP Warning:  include(): Failed opening '../modelo/conexion.php' for inclusion (include_path='C:\\xampp\\php\\PEAR') in C:\\xampp\\htdocs\\Proyecto-Inventario\\Inventario_php\\actualizar_producto.php on line 2, referer: http://localhost/Proyecto-Inventario/inventario_php/modificar_producto.php?id=1
[Wed Aug 12 01:50:37.792519 2026] [php:warn] [pid 17160:tid 1932] [client ::1:62787] PHP Warning:  Undefined variable $conexion in C:\\xampp\\htdocs\\Proyecto-Inventario\\Inventario_php\\actualizar_producto.php on line 26, referer: http://localhost/Proyecto-Inventario/inventario_php/modificar_producto.php?id=1
[Wed Aug 12 01:50:37.793516 2026] [php:error] [pid 17160:tid 1932] [client ::1:62787] PHP Fatal error:  Uncaught Error: Call to a member function query() on null in C:\\xampp\\htdocs\\Proyecto-Inventario\\Inventario_php\\actualizar_producto.php:26\nStack trace:\n#0 {main}\n  thrown in C:\\xampp\\htdocs\\Proyecto-Inventario\\Inventario_php\\actualizar_producto.php on line 26, referer: http://localhost/Proyecto-Inventario/inventario_php/modificar_producto.php?id=1
[Wed Aug 12 01:50:55.910311 2026] [php:error] [pid 17160:tid 1888] [client ::1:64572] script 'C:/xampp/htdocs/Proyecto-Inventario/index.php' not found or unable to stat, referer: http://localhost/Proyecto-Inventario/inventario_php/actualizar_producto.php
[Wed Aug 12 01:58:07.903908 2026] [php:error] [pid 17160:tid 1888] [client ::1:60163] script 'C:/xampp/htdocs/Proyecto-Inventario/Inventario_php/controlador/actualizar_producto.php' not found or unable to stat, referer: http://localhost/Proyecto-Inventario/inventario_php/modificar_producto.php?id=1
[Wed Aug 12 01:59:33.865709 2026] [php:error] [pid 17160:tid 1932] [client ::1:59640] script 'C:/xampp/htdocs/Proyecto-Inventario/Inventario_php/controlador/actualizar_producto.php' not found or unable to stat, referer: http://localhost/Proyecto-Inventario/inventario_php/modificar_producto.php?id=1
[Wed Aug 12 01:59:46.821169 2026] [php:error] [pid 17160:tid 1888] [client ::1:57734] script 'C:/xampp/htdocs/Proyecto-Inventario/Inventario_php/controlador/actualizar_producto.php' not found or unable to stat, referer: http://localhost/Proyecto-Inventario/inventario_php/modificar_producto.php?id=1
[Wed Aug 12 02:18:37.333795 2026] [php:error] [pid 17160:tid 1932] [client ::1:60456] script 'C:/xampp/htdocs/Proyecto-Inventario/Inventario_php/controlador/actualizar_producto.php' not found or unable to stat, referer: http://localhost/Proyecto-Inventario/inventario_php/modificar_producto.php?id=1
[Wed Aug 12 02:29:43.789235 2026] [php:error] [pid 17160:tid 1932] [client ::1:52564] script 'C:/xampp/htdocs/Proyecto-Inventario/Inventario_php/controlador/actualizar_producto.php' not found or unable to stat, referer: http://localhost/Proyecto-Inventario/inventario_php/modificar_producto.php?id=1
[Wed Aug 12 02:34:25.951332 2026] [php:error] [pid 17160:tid 1932] [client ::1:51292] script 'C:/xampp/htdocs/Proyecto-Inventario/Inventario_php/controlador/actualizar_producto.php' not found or unable to stat, referer: http://localhost/Proyecto-Inventario/inventario_php/modificar_producto.php?id=1
[Wed Aug 12 02:36:15.451662 2026] [php:error] [pid 17160:tid 1888] [client ::1:62669] script 'C:/xampp/htdocs/Proyecto-Inventario/Inventario_php/controlador/actualizar_producto.php' not found or unable to stat, referer: http://localhost/Proyecto-Inventario/inventario_php/modificar_producto.php?id=1
[Wed Aug 12 02:36:29.772163 2026] [php:error] [pid 17160:tid 1888] [client ::1:55975] script 'C:/xampp/htdocs/Proyecto-Inventario/Inventario_php/controlador/actualizar_producto.php' not found or unable to stat, referer: http://localhost/Proyecto-Inventario/inventario_php/modificar_producto.php?id=1
[Wed Aug 12 02:37:08.522180 2026] [php:error] [pid 17160:tid 1932] [client ::1:63893] script 'C:/xampp/htdocs/Proyecto-Inventario/Inventario_php/controlador/actualizar_producto.php' not found or unable to stat, referer: http://localhost/Proyecto-Inventario/inventario_php/modificar_producto.php?id=1
[Wed Aug 12 02:37:10.136492 2026] [php:error] [pid 17160:tid 1932] [client ::1:63893] script 'C:/xampp/htdocs/Proyecto-Inventario/Inventario_php/controlador/actualizar_producto.php' not found or unable to stat, referer: http://localhost/Proyecto-Inventario/inventario_php/modificar_producto.php?id=1
[Wed Aug 12 02:37:10.712923 2026] [php:error] [pid 17160:tid 1932] [client ::1:63893] script 'C:/xampp/htdocs/Proyecto-Inventario/Inventario_php/controlador/actualizar_producto.php' not found or unable to stat, referer: http://localhost/Proyecto-Inventario/inventario_php/modificar_producto.php?id=1
[Wed Aug 12 02:37:10.926430 2026] [php:error] [pid 17160:tid 1932] [client ::1:63893] script 'C:/xampp/htdocs/Proyecto-Inventario/Inventario_php/controlador/actualizar_producto.php' not found or unable to stat, referer: http://localhost/Proyecto-Inventario/inventario_php/modificar_producto.php?id=1
[Wed Aug 12 02:37:11.126622 2026] [php:error] [pid 17160:tid 1932] [client ::1:63893] script 'C:/xampp/htdocs/Proyecto-Inventario/Inventario_php/controlador/actualizar_producto.php' not found or unable to stat, referer: http://localhost/Proyecto-Inventario/inventario_php/modificar_producto.php?id=1
[Wed Aug 12 02:46:25.521482 2026] [php:error] [pid 17160:tid 1932] [client ::1:58395] script 'C:/xampp/htdocs/Proyecto-Inventario/Inventario_php/controlador/actualizar_producto.php' not found or unable to stat, referer: http://localhost/Proyecto-Inventario/inventario_php/modificar_producto.php?id=1
[Wed Aug 12 02:49:49.622432 2026] [php:error] [pid 17160:tid 1888] [client ::1:52469] script 'C:/xampp/htdocs/Proyecto-Inventario/Inventario_php/controlador/actualizar_producto.php' not found or unable to stat, referer: http://localhost/Proyecto-Inventario/inventario_php/modificar_producto.php?id=1
[Wed Aug 12 03:04:26.870747 2026] [php:warn] [pid 17160:tid 1932] [client ::1:59636] PHP Warning:  Undefined array key "Apartado" in C:\\xampp\\htdocs\\Proyecto-Inventario\\Inventario_php\\controlador\\actualizar_producto.php on line 6, referer: http://localhost/Proyecto-Inventario/inventario_php/modificar_producto.php?id=1
[Wed Aug 12 03:04:26.870747 2026] [php:warn] [pid 17160:tid 1932] [client ::1:59636] PHP Warning:  Undefined array key "Activos" in C:\\xampp\\htdocs\\Proyecto-Inventario\\Inventario_php\\controlador\\actualizar_producto.php on line 7, referer: http://localhost/Proyecto-Inventario/inventario_php/modificar_producto.php?id=1
[Wed Aug 12 03:04:26.871766 2026] [php:warn] [pid 17160:tid 1932] [client ::1:59636] PHP Warning:  Undefined array key "Unidades" in C:\\xampp\\htdocs\\Proyecto-Inventario\\Inventario_php\\controlador\\actualizar_producto.php on line 8, referer: http://localhost/Proyecto-Inventario/inventario_php/modificar_producto.php?id=1
[Wed Aug 12 03:04:26.871766 2026] [php:warn] [pid 17160:tid 1932] [client ::1:59636] PHP Warning:  Undefined array key "Marca" in C:\\xampp\\htdocs\\Proyecto-Inventario\\Inventario_php\\controlador\\actualizar_producto.php on line 9, referer: http://localhost/Proyecto-Inventario/inventario_php/modificar_producto.php?id=1
[Wed Aug 12 03:04:26.871766 2026] [php:warn] [pid 17160:tid 1932] [client ::1:59636] PHP Warning:  Undefined array key "Modelo" in C:\\xampp\\htdocs\\Proyecto-Inventario\\Inventario_php\\controlador\\actualizar_producto.php on line 10, referer: http://localhost/Proyecto-Inventario/inventario_php/modificar_producto.php?id=1
[Wed Aug 12 03:04:36.858586 2026] [php:warn] [pid 17160:tid 1928] [client ::1:64018] PHP Warning:  Undefined array key "Apartado" in C:\\xampp\\htdocs\\Proyecto-Inventario\\Inventario_php\\controlador\\actualizar_producto.php on line 6, referer: http://localhost/Proyecto-Inventario/inventario_php/modificar_producto.php?id=1
[Wed Aug 12 03:04:36.859586 2026] [php:warn] [pid 17160:tid 1928] [client ::1:64018] PHP Warning:  Undefined array key "Activos" in C:\\xampp\\htdocs\\Proyecto-Inventario\\Inventario_php\\controlador\\actualizar_producto.php on line 7, referer: http://localhost/Proyecto-Inventario/inventario_php/modificar_producto.php?id=1
[Wed Aug 12 03:04:36.859586 2026] [php:warn] [pid 17160:tid 1928] [client ::1:64018] PHP Warning:  Undefined array key "Unidades" in C:\\xampp\\htdocs\\Proyecto-Inventario\\Inventario_php\\controlador\\actualizar_producto.php on line 8, referer: http://localhost/Proyecto-Inventario/inventario_php/modificar_producto.php?id=1
[Wed Aug 12 03:04:36.861097 2026] [php:warn] [pid 17160:tid 1928] [client ::1:64018] PHP Warning:  Undefined array key "Marca" in C:\\xampp\\htdocs\\Proyecto-Inventario\\Inventario_php\\controlador\\actualizar_producto.php on line 9, referer: http://localhost/Proyecto-Inventario/inventario_php/modificar_producto.php?id=1
[Wed Aug 12 03:04:36.861097 2026] [php:warn] [pid 17160:tid 1928] [client ::1:64018] PHP Warning:  Undefined array key "Modelo" in C:\\xampp\\htdocs\\Proyecto-Inventario\\Inventario_php\\controlador\\actualizar_producto.php on line 10, referer: http://localhost/Proyecto-Inventario/inventario_php/modificar_producto.php?id=1
[Wed Aug 12 03:04:57.290904 2026] [php:warn] [pid 17160:tid 1928] [client ::1:63240] PHP Warning:  Undefined array key "Apartado" in C:\\xampp\\htdocs\\Proyecto-Inventario\\Inventario_php\\controlador\\actualizar_producto.php on line 6, referer: http://localhost/Proyecto-Inventario/inventario_php/modificar_producto.php?id=1
[Wed Aug 12 03:04:57.291924 2026] [php:warn] [pid 17160:tid 1928] [client ::1:63240] PHP Warning:  Undefined array key "Activos" in C:\\xampp\\htdocs\\Proyecto-Inventario\\Inventario_php\\controlador\\actualizar_producto.php on line 7, referer: http://localhost/Proyecto-Inventario/inventario_php/modificar_producto.php?id=1
[Wed Aug 12 03:04:57.291924 2026] [php:warn] [pid 17160:tid 1928] [client ::1:63240] PHP Warning:  Undefined array key "Unidades" in C:\\xampp\\htdocs\\Proyecto-Inventario\\Inventario_php\\controlador\\actualizar_producto.php on line 8, referer: http://localhost/Proyecto-Inventario/inventario_php/modificar_producto.php?id=1
[Wed Aug 12 03:04:57.291924 2026] [php:warn] [pid 17160:tid 1928] [client ::1:63240] PHP Warning:  Undefined array key "Marca" in C:\\xampp\\htdocs\\Proyecto-Inventario\\Inventario_php\\controlador\\actualizar_producto.php on line 9, referer: http://localhost/Proyecto-Inventario/inventario_php/modificar_producto.php?id=1
[Wed Aug 12 03:04:57.292924 2026] [php:warn] [pid 17160:tid 1928] [client ::1:63240] PHP Warning:  Undefined array key "Modelo" in C:\\xampp\\htdocs\\Proyecto-Inventario\\Inventario_php\\controlador\\actualizar_producto.php on line 10, referer: http://localhost/Proyecto-Inventario/inventario_php/modificar_producto.php?id=1
[Wed Aug 12 03:05:39.095603 2026] [php:warn] [pid 17160:tid 1932] [client ::1:54296] PHP Warning:  Undefined array key "Apartado" in C:\\xampp\\htdocs\\Proyecto-Inventario\\Inventario_php\\controlador\\actualizar_producto.php on line 6, referer: http://localhost/Proyecto-Inventario/inventario_php/modificar_producto.php?id=1
[Wed Aug 12 03:05:39.096940 2026] [php:warn] [pid 17160:tid 1932] [client ::1:54296] PHP Warning:  Undefined array key "Activos" in C:\\xampp\\htdocs\\Proyecto-Inventario\\Inventario_php\\controlador\\actualizar_producto.php on line 7, referer: http://localhost/Proyecto-Inventario/inventario_php/modificar_producto.php?id=1
[Wed Aug 12 03:05:39.097597 2026] [php:warn] [pid 17160:tid 1932] [client ::1:54296] PHP Warning:  Undefined array key "Unidades" in C:\\xampp\\htdocs\\Proyecto-Inventario\\Inventario_php\\controlador\\actualizar_producto.php on line 8, referer: http://localhost/Proyecto-Inventario/inventario_php/modificar_producto.php?id=1
[Wed Aug 12 03:05:39.098599 2026] [php:warn] [pid 17160:tid 1932] [client ::1:54296] PHP Warning:  Undefined array key "Marca" in C:\\xampp\\htdocs\\Proyecto-Inventario\\Inventario_php\\controlador\\actualizar_producto.php on line 9, referer: http://localhost/Proyecto-Inventario/inventario_php/modificar_producto.php?id=1
[Wed Aug 12 03:05:39.098599 2026] [php:warn] [pid 17160:tid 1932] [client ::1:54296] PHP Warning:  Undefined array key "Modelo" in C:\\xampp\\htdocs\\Proyecto-Inventario\\Inventario_php\\controlador\\actualizar_producto.php on line 10, referer: http://localhost/Proyecto-Inventario/inventario_php/modificar_producto.php?id=1
[Wed Aug 12 03:06:34.219382 2026] [php:warn] [pid 17160:tid 1928] [client ::1:62153] PHP Warning:  Undefined array key "ID" in C:\\xampp\\htdocs\\Proyecto-Inventario\\Inventario_php\\modificar_producto.php on line 29, referer: http://localhost/Proyecto-Inventario/inventario_php/index.php
[Wed Aug 12 03:22:03.812240 2026] [php:error] [pid 17160:tid 1932] [client ::1:50148] PHP Fatal error:  Uncaught Error: Call to a member function fetch_assoc() on string in C:\\xampp\\htdocs\\Proyecto-Inventario\\Inventario_php\\index.php:76\nStack trace:\n#0 {main}\n  thrown in C:\\xampp\\htdocs\\Proyecto-Inventario\\Inventario_php\\index.php on line 76, referer: http://localhost/Proyecto-Inventario/inventario_php/index.php
[Wed Aug 12 03:26:40.299676 2026] [php:error] [pid 17160:tid 1928] [client ::1:51957] PHP Fatal error:  Uncaught mysqli_sql_exception: Duplicate entry '139' for key 'PRIMARY' in C:\\xampp\\htdocs\\Proyecto-Inventario\\Inventario_php\\index.php:21\nStack trace:\n#0 C:\\xampp\\htdocs\\Proyecto-Inventario\\Inventario_php\\index.php(21): mysqli->query('INSERT INTO inv...')\n#1 {main}\n  thrown in C:\\xampp\\htdocs\\Proyecto-Inventario\\Inventario_php\\index.php on line 21, referer: http://localhost/Proyecto-Inventario/inventario_php/index.php
[Wed Aug 12 03:28:02.832381 2026] [php:error] [pid 17160:tid 1928] [client ::1:60783] PHP Fatal error:  Uncaught mysqli_sql_exception: Duplicate entry '139' for key 'PRIMARY' in C:\\xampp\\htdocs\\Proyecto-Inventario\\Inventario_php\\index.php:21\nStack trace:\n#0 C:\\xampp\\htdocs\\Proyecto-Inventario\\Inventario_php\\index.php(21): mysqli->query('INSERT INTO inv...')\n#1 {main}\n  thrown in C:\\xampp\\htdocs\\Proyecto-Inventario\\Inventario_php\\index.php on line 21, referer: http://localhost/Proyecto-Inventario/inventario_php/index.php
[Wed Aug 12 09:58:17.596996 2026] [ssl:warn] [pid 25440:tid 348] AH01909: www.example.com:443:0 server certificate does NOT include an ID which matches the server name
[Wed Aug 12 09:58:17.648682 2026] [core:warn] [pid 25440:tid 348] AH00098: pid file C:/xampp/apache/logs/httpd.pid overwritten -- Unclean shutdown of previous Apache run?
[Wed Aug 12 09:58:17.651677 2026] [ssl:warn] [pid 25440:tid 348] AH01909: www.example.com:443:0 server certificate does NOT include an ID which matches the server name
[Wed Aug 12 09:58:17.701980 2026] [mpm_winnt:notice] [pid 25440:tid 348] AH00455: Apache/2.4.58 (Win64) OpenSSL/3.1.3 PHP/8.2.12 configured -- resuming normal operations
[Wed Aug 12 09:58:17.701980 2026] [mpm_winnt:notice] [pid 25440:tid 348] AH00456: Apache Lounge VS17 Server built: Oct 18 2023 13:03:18
[Wed Aug 12 09:58:17.701980 2026] [core:notice] [pid 25440:tid 348] AH00094: Command line: 'c:\\xampp\\apache\\bin\\httpd.exe -d C:/xampp/apache'
[Wed Aug 12 09:58:17.709970 2026] [mpm_winnt:notice] [pid 25440:tid 348] AH00418: Parent: Created child process 23304
[Wed Aug 12 09:58:18.123273 2026] [ssl:warn] [pid 23304:tid 344] AH01909: www.example.com:443:0 server certificate does NOT include an ID which matches the server name
[Wed Aug 12 09:58:18.173201 2026] [ssl:warn] [pid 23304:tid 344] AH01909: www.example.com:443:0 server certificate does NOT include an ID which matches the server name
[Wed Aug 12 09:58:18.219199 2026] [mpm_winnt:notice] [pid 23304:tid 344] AH00354: Child: Starting 150 worker threads.
[Wed Aug 12 10:03:36.178471 2026] [php:error] [pid 23304:tid 1972] [client ::1:55108] PHP Fatal error:  Maximum execution time of 120 seconds exceeded in C:\\xampp\\phpMyAdmin\\libraries\\classes\\ErrorHandler.php on line 192
[Thu Aug 13 22:54:57.319560 2026] [ssl:warn] [pid 30324:tid 360] AH01909: www.example.com:443:0 server certificate does NOT include an ID which matches the server name
[Thu Aug 13 22:54:57.375543 2026] [core:warn] [pid 30324:tid 360] AH00098: pid file C:/xampp/apache/logs/httpd.pid overwritten -- Unclean shutdown of previous Apache run?
[Thu Aug 13 22:54:57.377544 2026] [ssl:warn] [pid 30324:tid 360] AH01909: www.example.com:443:0 server certificate does NOT include an ID which matches the server name
[Thu Aug 13 22:54:57.486560 2026] [mpm_winnt:notice] [pid 30324:tid 360] AH00455: Apache/2.4.58 (Win64) OpenSSL/3.1.3 PHP/8.2.12 configured -- resuming normal operations
[Thu Aug 13 22:54:57.486560 2026] [mpm_winnt:notice] [pid 30324:tid 360] AH00456: Apache Lounge VS17 Server built: Oct 18 2023 13:03:18
[Thu Aug 13 22:54:57.486560 2026] [core:notice] [pid 30324:tid 360] AH00094: Command line: 'c:\\xampp\\apache\\bin\\httpd.exe -d C:/xampp/apache'
[Thu Aug 13 22:54:57.492538 2026] [mpm_winnt:notice] [pid 30324:tid 360] AH00418: Parent: Created child process 27556
[Thu Aug 13 22:54:57.896404 2026] [ssl:warn] [pid 27556:tid 364] AH01909: www.example.com:443:0 server certificate does NOT include an ID which matches the server name
[Thu Aug 13 22:54:57.947409 2026] [ssl:warn] [pid 27556:tid 364] AH01909: www.example.com:443:0 server certificate does NOT include an ID which matches the server name
[Thu Aug 13 22:54:57.994412 2026] [mpm_winnt:notice] [pid 27556:tid 364] AH00354: Child: Starting 150 worker threads.
[Thu Aug 13 23:58:47.642610 2026] [php:warn] [pid 27556:tid 1916] [client ::1:57548] PHP Warning:  require(fpdf/fpdf.php): Failed to open stream: No such file or directory in C:\\xampp\\htdocs\\Proyecto-Inventario\\Inventario_php\\reporte.php on line 3, referer: http://localhost/Proyecto-Inventario/inventario_php/index.php
[Thu Aug 13 23:58:47.643510 2026] [php:error] [pid 27556:tid 1916] [client ::1:57548] PHP Fatal error:  Uncaught Error: Failed opening required 'fpdf/fpdf.php' (include_path='C:\\xampp\\php\\PEAR') in C:\\xampp\\htdocs\\Proyecto-Inventario\\Inventario_php\\reporte.php:3\nStack trace:\n#0 {main}\n  thrown in C:\\xampp\\htdocs\\Proyecto-Inventario\\Inventario_php\\reporte.php on line 3, referer: http://localhost/Proyecto-Inventario/inventario_php/index.php
[Fri Aug 14 00:05:16.561519 2026] [php:warn] [pid 27556:tid 1916] [client ::1:61542] PHP Warning:  require(fpdf/fpdf.php): Failed to open stream: No such file or directory in C:\\xampp\\htdocs\\Proyecto-Inventario\\Inventario_php\\reporte.php on line 3, referer: http://localhost/Proyecto-Inventario/inventario_php/index.php
[Fri Aug 14 00:05:16.561519 2026] [php:error] [pid 27556:tid 1916] [client ::1:61542] PHP Fatal error:  Uncaught Error: Failed opening required 'fpdf/fpdf.php' (include_path='C:\\xampp\\php\\PEAR') in C:\\xampp\\htdocs\\Proyecto-Inventario\\Inventario_php\\reporte.php:3\nStack trace:\n#0 {main}\n  thrown in C:\\xampp\\htdocs\\Proyecto-Inventario\\Inventario_php\\reporte.php on line 3, referer: http://localhost/Proyecto-Inventario/inventario_php/index.php
[Fri Aug 14 00:05:17.081585 2026] [php:warn] [pid 27556:tid 1916] [client ::1:61542] PHP Warning:  require(fpdf/fpdf.php): Failed to open stream: No such file or directory in C:\\xampp\\htdocs\\Proyecto-Inventario\\Inventario_php\\reporte.php on line 3, referer: http://localhost/Proyecto-Inventario/inventario_php/index.php
[Fri Aug 14 00:05:17.081585 2026] [php:error] [pid 27556:tid 1916] [client ::1:61542] PHP Fatal error:  Uncaught Error: Failed opening required 'fpdf/fpdf.php' (include_path='C:\\xampp\\php\\PEAR') in C:\\xampp\\htdocs\\Proyecto-Inventario\\Inventario_php\\reporte.php:3\nStack trace:\n#0 {main}\n  thrown in C:\\xampp\\htdocs\\Proyecto-Inventario\\Inventario_php\\reporte.php on line 3, referer: http://localhost/Proyecto-Inventario/inventario_php/index.php
[Fri Aug 14 00:05:17.366742 2026] [php:warn] [pid 27556:tid 1916] [client ::1:61542] PHP Warning:  require(fpdf/fpdf.php): Failed to open stream: No such file or directory in C:\\xampp\\htdocs\\Proyecto-Inventario\\Inventario_php\\reporte.php on line 3, referer: http://localhost/Proyecto-Inventario/inventario_php/index.php
[Fri Aug 14 00:05:17.366742 2026] [php:error] [pid 27556:tid 1916] [client ::1:61542] PHP Fatal error:  Uncaught Error: Failed opening required 'fpdf/fpdf.php' (include_path='C:\\xampp\\php\\PEAR') in C:\\xampp\\htdocs\\Proyecto-Inventario\\Inventario_php\\reporte.php:3\nStack trace:\n#0 {main}\n  thrown in C:\\xampp\\htdocs\\Proyecto-Inventario\\Inventario_php\\reporte.php on line 3, referer: http://localhost/Proyecto-Inventario/inventario_php/index.php
[Fri Aug 14 00:05:17.583508 2026] [php:warn] [pid 27556:tid 1916] [client ::1:61542] PHP Warning:  require(fpdf/fpdf.php): Failed to open stream: No such file or directory in C:\\xampp\\htdocs\\Proyecto-Inventario\\Inventario_php\\reporte.php on line 3, referer: http://localhost/Proyecto-Inventario/inventario_php/index.php
[Fri Aug 14 00:05:17.583508 2026] [php:error] [pid 27556:tid 1916] [client ::1:61542] PHP Fatal error:  Uncaught Error: Failed opening required 'fpdf/fpdf.php' (include_path='C:\\xampp\\php\\PEAR') in C:\\xampp\\htdocs\\Proyecto-Inventario\\Inventario_php\\reporte.php:3\nStack trace:\n#0 {main}\n  thrown in C:\\xampp\\htdocs\\Proyecto-Inventario\\Inventario_php\\reporte.php on line 3, referer: http://localhost/Proyecto-Inventario/inventario_php/index.php
[Fri Aug 14 00:05:27.234265 2026] [php:warn] [pid 27556:tid 1936] [client ::1:51189] PHP Warning:  require(fpdf/fpdf.php): Failed to open stream: No such file or directory in C:\\xampp\\htdocs\\Proyecto-Inventario\\Inventario_php\\reporte.php on line 3, referer: http://localhost/Proyecto-Inventario/inventario_php/index.php
[Fri Aug 14 00:05:27.234265 2026] [php:error] [pid 27556:tid 1936] [client ::1:51189] PHP Fatal error:  Uncaught Error: Failed opening required 'fpdf/fpdf.php' (include_path='C:\\xampp\\php\\PEAR') in C:\\xampp\\htdocs\\Proyecto-Inventario\\Inventario_php\\reporte.php:3\nStack trace:\n#0 {main}\n  thrown in C:\\xampp\\htdocs\\Proyecto-Inventario\\Inventario_php\\reporte.php on line 3, referer: http://localhost/Proyecto-Inventario/inventario_php/index.php
